-- MySQL dump 10.13  Distrib 5.7.17, for Win64 (x86_64)
--
-- Host: apps.icherry.com.br    Database: db_cherry_pay
-- ------------------------------------------------------
-- Server version	5.7.25-0ubuntu0.16.04.2

/*!40101 SET @OLD_CHARACTER_SET_CLIENT=@@CHARACTER_SET_CLIENT */;
/*!40101 SET @OLD_CHARACTER_SET_RESULTS=@@CHARACTER_SET_RESULTS */;
/*!40101 SET @OLD_COLLATION_CONNECTION=@@COLLATION_CONNECTION */;
/*!40101 SET NAMES utf8 */;
/*!40103 SET @OLD_TIME_ZONE=@@TIME_ZONE */;
/*!40103 SET TIME_ZONE='+00:00' */;
/*!40014 SET @OLD_UNIQUE_CHECKS=@@UNIQUE_CHECKS, UNIQUE_CHECKS=0 */;
/*!40014 SET @OLD_FOREIGN_KEY_CHECKS=@@FOREIGN_KEY_CHECKS, FOREIGN_KEY_CHECKS=0 */;
/*!40101 SET @OLD_SQL_MODE=@@SQL_MODE, SQL_MODE='NO_AUTO_VALUE_ON_ZERO' */;
/*!40111 SET @OLD_SQL_NOTES=@@SQL_NOTES, SQL_NOTES=0 */;

--
-- Table structure for table `tb_area`
--

DROP TABLE IF EXISTS `tb_area`;
/*!40101 SET @saved_cs_client     = @@character_set_client */;
/*!40101 SET character_set_client = utf8 */;
CREATE TABLE `tb_area` (
  `cd_area` int(11) NOT NULL AUTO_INCREMENT,
  `no_area` varchar(100) NOT NULL,
  `no_area_slug` varchar(100) NOT NULL,
  `cd_status` int(11) NOT NULL,
  `dt_cadastro` datetime NOT NULL DEFAULT CURRENT_TIMESTAMP,
  `dt_atualizacao` timestamp NOT NULL DEFAULT CURRENT_TIMESTAMP ON UPDATE CURRENT_TIMESTAMP,
  PRIMARY KEY (`cd_area`),
  UNIQUE KEY `no_area_slug_UNIQUE` (`no_area_slug`),
  UNIQUE KEY `no_area_UNIQUE` (`no_area`),
  KEY `Area->Status_idx` (`cd_status`),
  CONSTRAINT `Area->Status` FOREIGN KEY (`cd_status`) REFERENCES `tb_status` (`cd_status`) ON DELETE NO ACTION ON UPDATE NO ACTION
) ENGINE=InnoDB AUTO_INCREMENT=101 DEFAULT CHARSET=utf8;
/*!40101 SET character_set_client = @saved_cs_client */;

--
-- Dumping data for table `tb_area`
--

LOCK TABLES `tb_area` WRITE;
/*!40000 ALTER TABLE `tb_area` DISABLE KEYS */;
INSERT INTO `tb_area` VALUES (1,'Diretoria','diretoria',1,'2018-10-01 10:40:12','2018-10-02 13:11:01'),(2,'Mídia','midia',1,'2018-10-01 11:21:16','2018-10-01 14:21:16'),(3,'Criação','criacao',1,'2018-10-01 15:14:17','2018-10-01 18:14:17'),(4,'Web Analytics','web-analytics',1,'2018-10-01 18:03:41','2018-10-01 21:03:41'),(5,'W.A. Técnico','w-a-tecnico',1,'2018-10-02 09:42:13','2018-10-02 13:11:01'),(6,'RH','rh',1,'2018-10-02 09:36:33','2018-10-02 12:59:48'),(7,'Misfits','misfits',1,'2018-10-02 10:27:17','2018-10-02 13:27:17'),(100,'Geral','geral',1,'2018-10-02 09:46:23','2018-10-02 12:46:23');
/*!40000 ALTER TABLE `tb_area` ENABLE KEYS */;
UNLOCK TABLES;

--
-- Table structure for table `tb_celula`
--

DROP TABLE IF EXISTS `tb_celula`;
/*!40101 SET @saved_cs_client     = @@character_set_client */;
/*!40101 SET character_set_client = utf8 */;
CREATE TABLE `tb_celula` (
  `cd_celula` int(11) NOT NULL AUTO_INCREMENT,
  `no_celula` varchar(100) NOT NULL,
  `no_celula_slug` varchar(100) NOT NULL,
  `cd_status` int(11) NOT NULL,
  `dt_cadastro` datetime NOT NULL DEFAULT CURRENT_TIMESTAMP,
  `dt_atualizacao` timestamp NOT NULL DEFAULT CURRENT_TIMESTAMP ON UPDATE CURRENT_TIMESTAMP,
  PRIMARY KEY (`cd_celula`),
  KEY `Celula->Status_idx` (`cd_status`),
  CONSTRAINT `Celula->Status` FOREIGN KEY (`cd_status`) REFERENCES `tb_status` (`cd_status`) ON DELETE NO ACTION ON UPDATE NO ACTION
) ENGINE=InnoDB AUTO_INCREMENT=101 DEFAULT CHARSET=utf8;
/*!40101 SET character_set_client = @saved_cs_client */;

--
-- Dumping data for table `tb_celula`
--

LOCK TABLES `tb_celula` WRITE;
/*!40000 ALTER TABLE `tb_celula` DISABLE KEYS */;
INSERT INTO `tb_celula` VALUES (1,'Diretoria','diretoria',1,'2018-10-01 10:41:20','2018-10-02 13:12:12'),(2,'Marketing','marketing',1,'2018-10-01 15:14:36','2018-10-01 18:14:36'),(3,'Célula F | TIM','celula-tim',1,'2018-10-01 16:23:17','2018-10-03 12:27:19'),(5,'W.A. Técnico','w-a-tecnico',1,'2018-10-02 09:42:24','2018-10-02 13:12:12'),(6,'RH','rh',1,'2018-10-02 09:37:00','2018-10-02 13:30:15'),(7,'Misfits','misfits',1,'2018-10-02 10:27:35','2018-10-02 13:27:35'),(8,'Célula A','celula-a',1,'2018-10-03 09:27:19','2018-10-03 12:27:19'),(9,'Célula B','celula-b',1,'2018-10-03 09:27:19','2018-10-03 12:27:19'),(10,'Célula C','celula-c',1,'2018-10-03 09:27:19','2018-10-03 12:27:19'),(11,'Célula D','celula-d',1,'2018-10-03 09:27:19','2018-10-03 12:27:19'),(12,'Célula E | AVON','celula-e-avon',1,'2018-10-03 09:27:19','2018-10-03 12:27:19'),(13,'Célula G','celula-g',1,'2018-10-03 09:27:49','2018-10-03 12:27:49'),(14,'Célula I','celula-i',1,'2018-10-03 09:27:49','2019-01-22 13:21:12'),(15,'SEO','seo',1,'2019-01-22 11:34:44','2019-01-22 13:34:44'),(16,'Facilities','facilities',1,'2019-01-22 11:34:44','2019-01-22 13:34:44'),(17,'Novos Negócios','novos-negocios',1,'2019-01-22 11:34:44','2019-01-22 13:34:44'),(18,'Paraná Banco','parana-banco',1,'2019-01-22 11:34:44','2019-01-22 13:34:44'),(19,'Recepção','recepcao',1,'2019-01-22 11:34:44','2019-01-22 13:34:44'),(20,'Skill Up','skill-up',1,'2019-01-22 11:34:44','2019-01-22 13:34:44'),(21,'Financeiro','financeiro',1,'2019-01-22 11:41:15','2019-01-22 13:41:15'),(22,'Célula H','celula-h',1,'2019-01-22 11:45:34','2019-01-22 13:45:34'),(100,'Geral','geral',1,'2019-01-22 11:45:43','2019-01-22 13:45:43');
/*!40000 ALTER TABLE `tb_celula` ENABLE KEYS */;
UNLOCK TABLES;

--
-- Table structure for table `tb_deposito`
--

DROP TABLE IF EXISTS `tb_deposito`;
/*!40101 SET @saved_cs_client     = @@character_set_client */;
/*!40101 SET character_set_client = utf8 */;
CREATE TABLE `tb_deposito` (
  `cd_deposito` int(11) NOT NULL AUTO_INCREMENT,
  `cd_payer` int(11) NOT NULL,
  `nr_valor_deposito` int(11) NOT NULL,
  `ds_motivo` text NOT NULL,
  `cd_receiver` int(11) NOT NULL,
  `dt_cadastro` timestamp NOT NULL DEFAULT CURRENT_TIMESTAMP ON UPDATE CURRENT_TIMESTAMP,
  PRIMARY KEY (`cd_deposito`)
) ENGINE=InnoDB AUTO_INCREMENT=715 DEFAULT CHARSET=latin1;
/*!40101 SET character_set_client = @saved_cs_client */;

--
-- Dumping data for table `tb_deposito`
--

LOCK TABLES `tb_deposito` WRITE;
/*!40000 ALTER TABLE `tb_deposito` DISABLE KEYS */;
INSERT INTO `tb_deposito` VALUES (1,8,20,'Créditos Janeiro',1,'2019-01-24 18:07:04'),(2,8,20,'Créditos Janeiro',2,'2019-01-24 18:07:04'),(3,8,20,'Créditos Janeiro',3,'2019-01-24 18:07:04'),(4,8,20,'Créditos Janeiro',4,'2019-01-24 18:07:04'),(5,8,20,'Créditos Janeiro',5,'2019-01-24 18:07:04'),(6,8,20,'Créditos Janeiro',6,'2019-01-24 18:07:04'),(7,8,20,'Créditos Janeiro',7,'2019-01-24 18:07:04'),(8,8,20,'Créditos Janeiro',8,'2019-01-24 18:07:04'),(9,8,20,'Créditos Janeiro',9,'2019-01-24 18:07:04'),(10,8,20,'Créditos Janeiro',10,'2019-01-24 18:07:04'),(11,8,20,'Créditos Janeiro',11,'2019-01-24 18:07:04'),(12,8,20,'Créditos Janeiro',12,'2019-01-24 18:07:04'),(13,8,20,'Créditos Janeiro',13,'2019-01-24 18:07:04'),(14,8,20,'Créditos Janeiro',14,'2019-01-24 18:07:04'),(15,8,20,'Créditos Janeiro',15,'2019-01-24 18:07:04'),(16,8,20,'Créditos Janeiro',16,'2019-01-24 18:07:04'),(17,8,20,'Créditos Janeiro',17,'2019-01-24 18:07:04'),(18,8,20,'Créditos Janeiro',18,'2019-01-24 18:07:04'),(19,8,20,'Créditos Janeiro',19,'2019-01-24 18:07:04'),(20,8,20,'Créditos Janeiro',20,'2019-01-24 18:07:04'),(21,8,20,'Créditos Janeiro',21,'2019-01-24 18:07:04'),(22,8,20,'Créditos Janeiro',22,'2019-01-24 18:07:04'),(23,8,20,'Créditos Janeiro',23,'2019-01-24 18:07:04'),(24,8,20,'Créditos Janeiro',24,'2019-01-24 18:07:04'),(25,8,20,'Créditos Janeiro',25,'2019-01-24 18:07:04'),(26,8,20,'Créditos Janeiro',26,'2019-01-24 18:07:04'),(27,8,20,'Créditos Janeiro',27,'2019-01-24 18:07:05'),(28,8,20,'Créditos Janeiro',28,'2019-01-24 18:07:05'),(29,8,20,'Créditos Janeiro',29,'2019-01-24 18:07:05'),(30,8,20,'Créditos Janeiro',30,'2019-01-24 18:07:05'),(31,8,20,'Créditos Janeiro',31,'2019-01-24 18:07:05'),(32,8,20,'Créditos Janeiro',32,'2019-01-24 18:07:05'),(33,8,20,'Créditos Janeiro',33,'2019-01-24 18:07:05'),(34,8,20,'Créditos Janeiro',34,'2019-01-24 18:07:05'),(35,8,20,'Créditos Janeiro',35,'2019-01-24 18:07:05'),(36,8,20,'Créditos Janeiro',36,'2019-01-24 18:07:05'),(37,8,20,'Créditos Janeiro',37,'2019-01-24 18:07:05'),(38,8,20,'Créditos Janeiro',38,'2019-01-24 18:07:05'),(39,8,20,'Créditos Janeiro',39,'2019-01-24 18:07:05'),(40,8,20,'Créditos Janeiro',40,'2019-01-24 18:07:05'),(41,8,20,'Créditos Janeiro',41,'2019-01-24 18:07:05'),(42,8,20,'Créditos Janeiro',42,'2019-01-24 18:07:05'),(43,8,20,'Créditos Janeiro',43,'2019-01-24 18:07:05'),(44,8,20,'Créditos Janeiro',44,'2019-01-24 18:07:05'),(45,8,20,'Créditos Janeiro',45,'2019-01-24 18:07:05'),(46,8,20,'Créditos Janeiro',46,'2019-01-24 18:07:05'),(47,8,20,'Créditos Janeiro',47,'2019-01-24 18:07:05'),(48,8,20,'Créditos Janeiro',48,'2019-01-24 18:07:05'),(49,8,20,'Créditos Janeiro',49,'2019-01-24 18:07:05'),(50,8,20,'Créditos Janeiro',50,'2019-01-24 18:07:05'),(51,8,20,'Créditos Janeiro',51,'2019-01-24 18:07:05'),(52,8,20,'Créditos Janeiro',52,'2019-01-24 18:07:05'),(53,8,20,'Créditos Janeiro',53,'2019-01-24 18:07:05'),(54,8,20,'Créditos Janeiro',54,'2019-01-24 18:07:05'),(55,8,20,'Créditos Janeiro',55,'2019-01-24 18:07:05'),(56,8,20,'Créditos Janeiro',56,'2019-01-24 18:07:05'),(57,8,20,'Créditos Janeiro',57,'2019-01-24 18:07:05'),(58,8,20,'Créditos Janeiro',58,'2019-01-24 18:07:05'),(59,8,20,'Créditos Janeiro',59,'2019-01-24 18:07:05'),(60,8,20,'Créditos Janeiro',60,'2019-01-24 18:07:05'),(61,8,20,'Créditos Janeiro',61,'2019-01-24 18:07:05'),(62,8,20,'Créditos Janeiro',62,'2019-01-24 18:07:05'),(63,8,20,'Créditos Janeiro',63,'2019-01-24 18:07:05'),(64,8,20,'Créditos Janeiro',64,'2019-01-24 18:07:05'),(65,8,20,'Créditos Janeiro',65,'2019-01-24 18:07:05'),(66,8,20,'Créditos Janeiro',66,'2019-01-24 18:07:05'),(67,8,20,'Créditos Janeiro',67,'2019-01-24 18:07:05'),(68,8,20,'Créditos Janeiro',68,'2019-01-24 18:07:05'),(69,8,20,'Créditos Janeiro',69,'2019-01-24 18:07:05'),(70,8,20,'Créditos Janeiro',70,'2019-01-24 18:07:05'),(71,8,20,'Créditos Janeiro',71,'2019-01-24 18:07:05'),(72,8,20,'Créditos Janeiro',72,'2019-01-24 18:07:05'),(73,8,20,'Créditos Janeiro',73,'2019-01-24 18:07:05'),(74,8,20,'Créditos Janeiro',74,'2019-01-24 18:07:05'),(75,8,20,'Créditos Janeiro',75,'2019-01-24 18:07:05'),(76,8,20,'Créditos Janeiro',76,'2019-01-24 18:07:05'),(77,8,20,'Créditos Janeiro',77,'2019-01-24 18:07:05'),(78,8,20,'Créditos Janeiro',78,'2019-01-24 18:07:05'),(79,8,20,'Créditos Janeiro',79,'2019-01-24 18:07:05'),(80,8,20,'Créditos Janeiro',80,'2019-01-24 18:07:05'),(81,8,20,'Créditos Janeiro',81,'2019-01-24 18:07:05'),(82,8,20,'Créditos Janeiro',82,'2019-01-24 18:07:05'),(83,8,20,'Créditos Janeiro',83,'2019-01-24 18:07:05'),(84,8,20,'Créditos Janeiro',84,'2019-01-24 18:07:05'),(85,8,20,'Créditos Janeiro',85,'2019-01-24 18:07:05'),(86,8,20,'Créditos Janeiro',86,'2019-01-24 18:07:05'),(87,8,20,'Créditos Janeiro',87,'2019-01-24 18:07:05'),(88,8,20,'Créditos Janeiro',88,'2019-01-24 18:07:05'),(89,8,20,'Créditos Janeiro',89,'2019-01-24 18:07:05'),(90,8,20,'Créditos Janeiro',90,'2019-01-24 18:07:05'),(91,8,20,'Créditos Janeiro',91,'2019-01-24 18:07:05'),(92,8,20,'Créditos Janeiro',92,'2019-01-24 18:07:05'),(93,8,20,'Créditos Janeiro',93,'2019-01-24 18:07:05'),(94,8,20,'Créditos Janeiro',94,'2019-01-24 18:07:05'),(95,8,20,'Créditos Janeiro',95,'2019-01-24 18:07:05'),(96,8,20,'Créditos Janeiro',96,'2019-01-24 18:07:05'),(97,8,20,'Créditos Janeiro',97,'2019-01-24 18:07:05'),(98,8,20,'Créditos Janeiro',98,'2019-01-24 18:07:05'),(99,8,20,'Créditos Janeiro',99,'2019-01-24 18:07:05'),(100,8,20,'Créditos Janeiro',100,'2019-01-24 18:07:05'),(101,8,20,'Créditos Janeiro',101,'2019-01-24 18:07:05'),(102,8,20,'Créditos Janeiro',102,'2019-01-24 18:07:05'),(103,8,20,'Créditos Janeiro',103,'2019-01-24 18:07:05'),(104,8,20,'Créditos Janeiro',104,'2019-01-24 18:07:05'),(105,8,20,'Créditos Janeiro',105,'2019-01-24 18:07:05'),(106,8,20,'Créditos Janeiro',106,'2019-01-24 18:07:05'),(107,8,20,'Créditos Janeiro',107,'2019-01-24 18:07:05'),(108,8,20,'Créditos Janeiro',108,'2019-01-24 18:07:05'),(109,8,20,'Créditos Janeiro',109,'2019-01-24 18:07:05'),(110,8,20,'Créditos Janeiro',110,'2019-01-24 18:07:05'),(111,8,20,'Créditos Janeiro',111,'2019-01-24 18:07:05'),(112,8,20,'Créditos Janeiro',112,'2019-01-24 18:07:05'),(113,8,20,'Créditos Janeiro',113,'2019-01-24 18:07:05'),(114,8,20,'Créditos Janeiro',114,'2019-01-24 18:07:05'),(115,8,20,'Créditos Janeiro',115,'2019-01-24 18:07:05'),(116,8,20,'Créditos Janeiro',116,'2019-01-24 18:07:05'),(117,8,20,'Créditos Janeiro',117,'2019-01-24 18:07:05'),(118,8,20,'Créditos Janeiro',118,'2019-01-24 18:07:05'),(119,8,20,'Créditos Janeiro',119,'2019-01-24 18:07:05'),(120,8,20,'Créditos Janeiro',120,'2019-01-24 18:07:05'),(121,8,20,'Créditos Janeiro',121,'2019-01-24 18:07:05'),(122,8,20,'Créditos Janeiro',122,'2019-01-24 18:07:05'),(123,8,20,'Créditos Janeiro',123,'2019-01-24 18:07:05'),(124,8,20,'Créditos Janeiro',124,'2019-01-24 18:07:05'),(125,8,20,'Créditos Janeiro',125,'2019-01-24 18:07:05'),(126,8,20,'Créditos Janeiro',126,'2019-01-24 18:07:05'),(127,8,20,'Créditos Janeiro',127,'2019-01-24 18:07:05'),(128,8,20,'Créditos Janeiro',128,'2019-01-24 18:07:05'),(129,8,20,'Créditos Janeiro',129,'2019-01-24 18:07:05'),(130,8,20,'Créditos Janeiro',130,'2019-01-24 18:07:05'),(131,8,20,'Créditos Janeiro',131,'2019-01-24 18:07:05'),(132,8,20,'Créditos Janeiro',132,'2019-01-24 18:07:05'),(133,8,20,'Créditos Janeiro',133,'2019-01-24 18:07:05'),(134,8,20,'Créditos Janeiro',134,'2019-01-24 18:07:05'),(135,8,20,'Créditos Janeiro',135,'2019-01-24 18:07:05'),(136,8,20,'Créditos Janeiro',136,'2019-01-24 18:07:05'),(137,8,20,'Créditos Janeiro',137,'2019-01-24 18:07:05'),(138,8,20,'Créditos Janeiro',138,'2019-01-24 18:07:05'),(139,8,20,'Créditos Janeiro',139,'2019-01-24 18:07:05'),(140,8,20,'Créditos Janeiro',140,'2019-01-24 18:07:05'),(141,8,20,'Créditos Janeiro',141,'2019-01-24 18:07:05'),(142,86,20,'teste',141,'2019-03-11 13:52:49'),(143,86,4,'r',141,'2019-03-11 13:53:19'),(144,86,10,'mes',1,'2019-03-11 13:57:53'),(145,86,10,'mes',2,'2019-03-11 13:57:53'),(146,86,10,'mes',3,'2019-03-11 13:57:53'),(147,86,10,'mes',4,'2019-03-11 13:57:53'),(148,86,10,'mes',5,'2019-03-11 13:57:53'),(149,86,10,'mes',6,'2019-03-11 13:57:53'),(150,86,10,'mes',7,'2019-03-11 13:57:53'),(151,86,10,'mes',8,'2019-03-11 13:57:53'),(152,86,10,'mes',9,'2019-03-11 13:57:53'),(153,86,10,'mes',10,'2019-03-11 13:57:53'),(154,86,10,'mes',11,'2019-03-11 13:57:53'),(155,86,10,'mes',12,'2019-03-11 13:57:53'),(156,86,10,'mes',13,'2019-03-11 13:57:53'),(157,86,10,'mes',14,'2019-03-11 13:57:53'),(158,86,10,'mes',15,'2019-03-11 13:57:53'),(159,86,10,'mes',16,'2019-03-11 13:57:53'),(160,86,10,'mes',17,'2019-03-11 13:57:53'),(161,86,10,'mes',18,'2019-03-11 13:57:53'),(162,86,10,'mes',19,'2019-03-11 13:57:53'),(163,86,10,'mes',20,'2019-03-11 13:57:53'),(164,86,10,'mes',21,'2019-03-11 13:57:53'),(165,86,10,'mes',22,'2019-03-11 13:57:53'),(166,86,10,'mes',23,'2019-03-11 13:57:53'),(167,86,10,'mes',24,'2019-03-11 13:57:53'),(168,86,10,'mes',25,'2019-03-11 13:57:53'),(169,86,10,'mes',26,'2019-03-11 13:57:53'),(170,86,10,'mes',27,'2019-03-11 13:57:53'),(171,86,10,'mes',28,'2019-03-11 13:57:53'),(172,86,10,'mes',29,'2019-03-11 13:57:53'),(173,86,10,'mes',30,'2019-03-11 13:57:53'),(174,86,10,'mes',31,'2019-03-11 13:57:53'),(175,86,10,'mes',32,'2019-03-11 13:57:53'),(176,86,10,'mes',33,'2019-03-11 13:57:53'),(177,86,10,'mes',34,'2019-03-11 13:57:53'),(178,86,10,'mes',35,'2019-03-11 13:57:53'),(179,86,10,'mes',36,'2019-03-11 13:57:53'),(180,86,10,'mes',37,'2019-03-11 13:57:53'),(181,86,10,'mes',38,'2019-03-11 13:57:53'),(182,86,10,'mes',39,'2019-03-11 13:57:53'),(183,86,10,'mes',40,'2019-03-11 13:57:53'),(184,86,10,'mes',41,'2019-03-11 13:57:53'),(185,86,10,'mes',42,'2019-03-11 13:57:53'),(186,86,10,'mes',43,'2019-03-11 13:57:53'),(187,86,10,'mes',44,'2019-03-11 13:57:53'),(188,86,10,'mes',45,'2019-03-11 13:57:53'),(189,86,10,'mes',46,'2019-03-11 13:57:53'),(190,86,10,'mes',47,'2019-03-11 13:57:53'),(191,86,10,'mes',48,'2019-03-11 13:57:53'),(192,86,10,'mes',49,'2019-03-11 13:57:53'),(193,86,10,'mes',50,'2019-03-11 13:57:53'),(194,86,10,'mes',51,'2019-03-11 13:57:53'),(195,86,10,'mes',52,'2019-03-11 13:57:53'),(196,86,10,'mes',53,'2019-03-11 13:57:53'),(197,86,10,'mes',54,'2019-03-11 13:57:53'),(198,86,10,'mes',55,'2019-03-11 13:57:53'),(199,86,10,'mes',56,'2019-03-11 13:57:53'),(200,86,10,'mes',57,'2019-03-11 13:57:53'),(201,86,10,'mes',58,'2019-03-11 13:57:53'),(202,86,10,'mes',59,'2019-03-11 13:57:53'),(203,86,10,'mes',60,'2019-03-11 13:57:53'),(204,86,10,'mes',61,'2019-03-11 13:57:53'),(205,86,10,'mes',62,'2019-03-11 13:57:53'),(206,86,10,'mes',63,'2019-03-11 13:57:53'),(207,86,10,'mes',64,'2019-03-11 13:57:53'),(208,86,10,'mes',65,'2019-03-11 13:57:53'),(209,86,10,'mes',66,'2019-03-11 13:57:53'),(210,86,10,'mes',67,'2019-03-11 13:57:53'),(211,86,10,'mes',68,'2019-03-11 13:57:53'),(212,86,10,'mes',69,'2019-03-11 13:57:53'),(213,86,10,'mes',70,'2019-03-11 13:57:53'),(214,86,10,'mes',71,'2019-03-11 13:57:53'),(215,86,10,'mes',72,'2019-03-11 13:57:53'),(216,86,10,'mes',73,'2019-03-11 13:57:53'),(217,86,10,'mes',74,'2019-03-11 13:57:53'),(218,86,10,'mes',75,'2019-03-11 13:57:53'),(219,86,10,'mes',76,'2019-03-11 13:57:53'),(220,86,10,'mes',77,'2019-03-11 13:57:53'),(221,86,10,'mes',78,'2019-03-11 13:57:53'),(222,86,10,'mes',79,'2019-03-11 13:57:53'),(223,86,10,'mes',80,'2019-03-11 13:57:53'),(224,86,10,'mes',81,'2019-03-11 13:57:53'),(225,86,10,'mes',82,'2019-03-11 13:57:53'),(226,86,10,'mes',83,'2019-03-11 13:57:53'),(227,86,10,'mes',84,'2019-03-11 13:57:53'),(228,86,10,'mes',85,'2019-03-11 13:57:53'),(229,86,10,'mes',86,'2019-03-11 13:57:53'),(230,86,10,'mes',87,'2019-03-11 13:57:53'),(231,86,10,'mes',88,'2019-03-11 13:57:53'),(232,86,10,'mes',89,'2019-03-11 13:57:53'),(233,86,10,'mes',90,'2019-03-11 13:57:53'),(234,86,10,'mes',91,'2019-03-11 13:57:53'),(235,86,10,'mes',92,'2019-03-11 13:57:53'),(236,86,10,'mes',93,'2019-03-11 13:57:53'),(237,86,10,'mes',94,'2019-03-11 13:57:53'),(238,86,10,'mes',95,'2019-03-11 13:57:53'),(239,86,10,'mes',96,'2019-03-11 13:57:53'),(240,86,10,'mes',97,'2019-03-11 13:57:53'),(241,86,10,'mes',98,'2019-03-11 13:57:53'),(242,86,10,'mes',99,'2019-03-11 13:57:53'),(243,86,10,'mes',100,'2019-03-11 13:57:53'),(244,86,10,'mes',101,'2019-03-11 13:57:53'),(245,86,10,'mes',102,'2019-03-11 13:57:53'),(246,86,10,'mes',103,'2019-03-11 13:57:53'),(247,86,10,'mes',104,'2019-03-11 13:57:53'),(248,86,10,'mes',105,'2019-03-11 13:57:53'),(249,86,10,'mes',106,'2019-03-11 13:57:53'),(250,86,10,'mes',107,'2019-03-11 13:57:53'),(251,86,10,'mes',108,'2019-03-11 13:57:54'),(252,86,10,'mes',109,'2019-03-11 13:57:54'),(253,86,10,'mes',110,'2019-03-11 13:57:54'),(254,86,10,'mes',111,'2019-03-11 13:57:54'),(255,86,10,'mes',112,'2019-03-11 13:57:54'),(256,86,10,'mes',113,'2019-03-11 13:57:54'),(257,86,10,'mes',114,'2019-03-11 13:57:54'),(258,86,10,'mes',115,'2019-03-11 13:57:54'),(259,86,10,'mes',116,'2019-03-11 13:57:54'),(260,86,10,'mes',117,'2019-03-11 13:57:54'),(261,86,10,'mes',118,'2019-03-11 13:57:54'),(262,86,10,'mes',119,'2019-03-11 13:57:54'),(263,86,10,'mes',120,'2019-03-11 13:57:54'),(264,86,10,'mes',121,'2019-03-11 13:57:54'),(265,86,10,'mes',122,'2019-03-11 13:57:54'),(266,86,10,'mes',123,'2019-03-11 13:57:54'),(267,86,10,'mes',124,'2019-03-11 13:57:54'),(268,86,10,'mes',125,'2019-03-11 13:57:54'),(269,86,10,'mes',126,'2019-03-11 13:57:54'),(270,86,10,'mes',127,'2019-03-11 13:57:54'),(271,86,10,'mes',128,'2019-03-11 13:57:54'),(272,86,10,'mes',129,'2019-03-11 13:57:54'),(273,86,10,'mes',130,'2019-03-11 13:57:54'),(274,86,10,'mes',131,'2019-03-11 13:57:54'),(275,86,10,'mes',132,'2019-03-11 13:57:54'),(276,86,10,'mes',133,'2019-03-11 13:57:54'),(277,86,10,'mes',135,'2019-03-11 13:57:54'),(278,86,10,'mes',137,'2019-03-11 13:57:54'),(279,86,10,'mes',138,'2019-03-11 13:57:54'),(280,86,10,'mes',139,'2019-03-11 13:57:54'),(281,86,10,'mes',140,'2019-03-11 13:57:54'),(282,86,10,'mes',141,'2019-03-11 13:57:54'),(283,86,20,'teste',86,'2019-03-11 14:18:34'),(284,45,1,'teste',4,'2019-03-12 13:48:59'),(285,45,1,'teste',1,'2019-03-12 14:07:35'),(286,45,1,'teste',2,'2019-03-12 14:07:35'),(287,45,1,'teste',3,'2019-03-12 14:07:35'),(288,45,1,'teste',4,'2019-03-12 14:07:35'),(289,45,1,'teste',5,'2019-03-12 14:07:35'),(290,45,1,'teste',6,'2019-03-12 14:07:35'),(291,45,1,'teste',7,'2019-03-12 14:07:35'),(292,45,1,'teste',8,'2019-03-12 14:07:35'),(293,45,1,'teste',9,'2019-03-12 14:07:35'),(294,45,1,'teste',10,'2019-03-12 14:07:35'),(295,45,1,'teste',11,'2019-03-12 14:07:35'),(296,45,1,'teste',12,'2019-03-12 14:07:35'),(297,45,1,'teste',13,'2019-03-12 14:07:35'),(298,45,1,'teste',14,'2019-03-12 14:07:35'),(299,45,1,'teste',15,'2019-03-12 14:07:35'),(300,45,1,'teste',16,'2019-03-12 14:07:35'),(301,45,1,'teste',17,'2019-03-12 14:07:35'),(302,45,1,'teste',18,'2019-03-12 14:07:35'),(303,45,1,'teste',19,'2019-03-12 14:07:35'),(304,45,1,'teste',20,'2019-03-12 14:07:35'),(305,45,1,'teste',21,'2019-03-12 14:07:35'),(306,45,1,'teste',22,'2019-03-12 14:07:35'),(307,45,1,'teste',23,'2019-03-12 14:07:35'),(308,45,1,'teste',24,'2019-03-12 14:07:35'),(309,45,1,'teste',25,'2019-03-12 14:07:35'),(310,45,1,'teste',26,'2019-03-12 14:07:35'),(311,45,1,'teste',27,'2019-03-12 14:07:35'),(312,45,1,'teste',28,'2019-03-12 14:07:35'),(313,45,1,'teste',29,'2019-03-12 14:07:35'),(314,45,1,'teste',30,'2019-03-12 14:07:35'),(315,45,1,'teste',31,'2019-03-12 14:07:35'),(316,45,1,'teste',32,'2019-03-12 14:07:35'),(317,45,1,'teste',33,'2019-03-12 14:07:35'),(318,45,1,'teste',34,'2019-03-12 14:07:35'),(319,45,1,'teste',35,'2019-03-12 14:07:35'),(320,45,1,'teste',36,'2019-03-12 14:07:35'),(321,45,1,'teste',37,'2019-03-12 14:07:35'),(322,45,1,'teste',38,'2019-03-12 14:07:35'),(323,45,1,'teste',39,'2019-03-12 14:07:35'),(324,45,1,'teste',40,'2019-03-12 14:07:35'),(325,45,1,'teste',41,'2019-03-12 14:07:35'),(326,45,1,'teste',42,'2019-03-12 14:07:35'),(327,45,1,'teste',43,'2019-03-12 14:07:35'),(328,45,1,'teste',44,'2019-03-12 14:07:35'),(329,45,1,'teste',45,'2019-03-12 14:07:35'),(330,45,1,'teste',46,'2019-03-12 14:07:35'),(331,45,1,'teste',47,'2019-03-12 14:07:35'),(332,45,1,'teste',48,'2019-03-12 14:07:35'),(333,45,1,'teste',49,'2019-03-12 14:07:35'),(334,45,1,'teste',50,'2019-03-12 14:07:35'),(335,45,1,'teste',51,'2019-03-12 14:07:35'),(336,45,1,'teste',52,'2019-03-12 14:07:35'),(337,45,1,'teste',53,'2019-03-12 14:07:35'),(338,45,1,'teste',54,'2019-03-12 14:07:35'),(339,45,1,'teste',55,'2019-03-12 14:07:35'),(340,45,1,'teste',56,'2019-03-12 14:07:35'),(341,45,1,'teste',57,'2019-03-12 14:07:35'),(342,45,1,'teste',58,'2019-03-12 14:07:35'),(343,45,1,'teste',59,'2019-03-12 14:07:35'),(344,45,1,'teste',60,'2019-03-12 14:07:35'),(345,45,1,'teste',61,'2019-03-12 14:07:35'),(346,45,1,'teste',62,'2019-03-12 14:07:35'),(347,45,1,'teste',63,'2019-03-12 14:07:35'),(348,45,1,'teste',64,'2019-03-12 14:07:35'),(349,45,1,'teste',65,'2019-03-12 14:07:35'),(350,45,1,'teste',66,'2019-03-12 14:07:35'),(351,45,1,'teste',67,'2019-03-12 14:07:35'),(352,45,1,'teste',68,'2019-03-12 14:07:35'),(353,45,1,'teste',69,'2019-03-12 14:07:35'),(354,45,1,'teste',70,'2019-03-12 14:07:35'),(355,45,1,'teste',71,'2019-03-12 14:07:35'),(356,45,1,'teste',72,'2019-03-12 14:07:35'),(357,45,1,'teste',73,'2019-03-12 14:07:35'),(358,45,1,'teste',74,'2019-03-12 14:07:35'),(359,45,1,'teste',75,'2019-03-12 14:07:35'),(360,45,1,'teste',76,'2019-03-12 14:07:35'),(361,45,1,'teste',77,'2019-03-12 14:07:35'),(362,45,1,'teste',78,'2019-03-12 14:07:35'),(363,45,1,'teste',79,'2019-03-12 14:07:35'),(364,45,1,'teste',80,'2019-03-12 14:07:35'),(365,45,1,'teste',81,'2019-03-12 14:07:35'),(366,45,1,'teste',82,'2019-03-12 14:07:35'),(367,45,1,'teste',83,'2019-03-12 14:07:35'),(368,45,1,'teste',84,'2019-03-12 14:07:35'),(369,45,1,'teste',85,'2019-03-12 14:07:35'),(370,45,1,'teste',86,'2019-03-12 14:07:35'),(371,45,1,'teste',87,'2019-03-12 14:07:35'),(372,45,1,'teste',88,'2019-03-12 14:07:35'),(373,45,1,'teste',89,'2019-03-12 14:07:35'),(374,45,1,'teste',90,'2019-03-12 14:07:35'),(375,45,1,'teste',91,'2019-03-12 14:07:35'),(376,45,1,'teste',92,'2019-03-12 14:07:35'),(377,45,1,'teste',93,'2019-03-12 14:07:35'),(378,45,1,'teste',94,'2019-03-12 14:07:35'),(379,45,1,'teste',95,'2019-03-12 14:07:35'),(380,45,1,'teste',96,'2019-03-12 14:07:35'),(381,45,1,'teste',97,'2019-03-12 14:07:35'),(382,45,1,'teste',98,'2019-03-12 14:07:35'),(383,45,1,'teste',99,'2019-03-12 14:07:35'),(384,45,1,'teste',100,'2019-03-12 14:07:35'),(385,45,1,'teste',101,'2019-03-12 14:07:35'),(386,45,1,'teste',102,'2019-03-12 14:07:35'),(387,45,1,'teste',103,'2019-03-12 14:07:35'),(388,45,1,'teste',104,'2019-03-12 14:07:35'),(389,45,1,'teste',105,'2019-03-12 14:07:35'),(390,45,1,'teste',106,'2019-03-12 14:07:35'),(391,45,1,'teste',107,'2019-03-12 14:07:35'),(392,45,1,'teste',108,'2019-03-12 14:07:35'),(393,45,1,'teste',109,'2019-03-12 14:07:35'),(394,45,1,'teste',110,'2019-03-12 14:07:35'),(395,45,1,'teste',111,'2019-03-12 14:07:35'),(396,45,1,'teste',112,'2019-03-12 14:07:35'),(397,45,1,'teste',113,'2019-03-12 14:07:35'),(398,45,1,'teste',114,'2019-03-12 14:07:35'),(399,45,1,'teste',115,'2019-03-12 14:07:35'),(400,45,1,'teste',116,'2019-03-12 14:07:35'),(401,45,1,'teste',117,'2019-03-12 14:07:35'),(402,45,1,'teste',118,'2019-03-12 14:07:35'),(403,45,1,'teste',119,'2019-03-12 14:07:35'),(404,45,1,'teste',120,'2019-03-12 14:07:36'),(405,45,1,'teste',121,'2019-03-12 14:07:36'),(406,45,1,'teste',122,'2019-03-12 14:07:36'),(407,45,1,'teste',123,'2019-03-12 14:07:36'),(408,45,1,'teste',124,'2019-03-12 14:07:36'),(409,45,1,'teste',125,'2019-03-12 14:07:36'),(410,45,1,'teste',126,'2019-03-12 14:07:36'),(411,45,1,'teste',127,'2019-03-12 14:07:36'),(412,45,1,'teste',128,'2019-03-12 14:07:36'),(413,45,1,'teste',129,'2019-03-12 14:07:36'),(414,45,1,'teste',130,'2019-03-12 14:07:36'),(415,45,1,'teste',131,'2019-03-12 14:07:36'),(416,45,1,'teste',132,'2019-03-12 14:07:36'),(417,45,1,'teste',133,'2019-03-12 14:07:36'),(418,45,1,'teste',135,'2019-03-12 14:07:36'),(419,45,1,'teste',137,'2019-03-12 14:07:36'),(420,45,1,'teste',138,'2019-03-12 14:07:36'),(421,45,1,'teste',139,'2019-03-12 14:07:36'),(422,45,1,'teste',140,'2019-03-12 14:07:36'),(423,45,1,'teste',141,'2019-03-12 14:07:36'),(424,45,1,'teste',142,'2019-03-12 14:07:36'),(425,45,1,'teste',1,'2019-03-12 14:18:37'),(426,45,1,'teste',2,'2019-03-12 14:18:37'),(427,45,1,'teste',3,'2019-03-12 14:18:37'),(428,45,1,'teste',4,'2019-03-12 14:18:37'),(429,45,1,'teste',5,'2019-03-12 14:18:37'),(430,45,1,'teste',6,'2019-03-12 14:18:37'),(431,45,1,'teste',7,'2019-03-12 14:18:37'),(432,45,1,'teste',8,'2019-03-12 14:18:37'),(433,45,1,'teste',9,'2019-03-12 14:18:37'),(434,45,1,'teste',10,'2019-03-12 14:18:37'),(435,45,1,'teste',11,'2019-03-12 14:18:37'),(436,45,1,'teste',12,'2019-03-12 14:18:37'),(437,45,1,'teste',13,'2019-03-12 14:18:37'),(438,45,1,'teste',14,'2019-03-12 14:18:37'),(439,45,1,'teste',15,'2019-03-12 14:18:37'),(440,45,1,'teste',16,'2019-03-12 14:18:37'),(441,45,1,'teste',17,'2019-03-12 14:18:37'),(442,45,1,'teste',18,'2019-03-12 14:18:37'),(443,45,1,'teste',19,'2019-03-12 14:18:37'),(444,45,1,'teste',20,'2019-03-12 14:18:37'),(445,45,1,'teste',21,'2019-03-12 14:18:37'),(446,45,1,'teste',22,'2019-03-12 14:18:37'),(447,45,1,'teste',23,'2019-03-12 14:18:37'),(448,45,1,'teste',24,'2019-03-12 14:18:37'),(449,45,1,'teste',25,'2019-03-12 14:18:37'),(450,45,1,'teste',26,'2019-03-12 14:18:37'),(451,45,1,'teste',27,'2019-03-12 14:18:37'),(452,45,1,'teste',28,'2019-03-12 14:18:37'),(453,45,1,'teste',29,'2019-03-12 14:18:37'),(454,45,1,'teste',30,'2019-03-12 14:18:37'),(455,45,1,'teste',31,'2019-03-12 14:18:37'),(456,45,1,'teste',32,'2019-03-12 14:18:37'),(457,45,1,'teste',33,'2019-03-12 14:18:37'),(458,45,1,'teste',34,'2019-03-12 14:18:37'),(459,45,1,'teste',35,'2019-03-12 14:18:37'),(460,45,1,'teste',36,'2019-03-12 14:18:37'),(461,45,1,'teste',37,'2019-03-12 14:18:37'),(462,45,1,'teste',38,'2019-03-12 14:18:37'),(463,45,1,'teste',39,'2019-03-12 14:18:37'),(464,45,1,'teste',40,'2019-03-12 14:18:37'),(465,45,1,'teste',41,'2019-03-12 14:18:37'),(466,45,1,'teste',42,'2019-03-12 14:18:37'),(467,45,1,'teste',43,'2019-03-12 14:18:38'),(468,45,1,'teste',44,'2019-03-12 14:18:38'),(469,45,1,'teste',45,'2019-03-12 14:18:38'),(470,45,1,'teste',46,'2019-03-12 14:18:38'),(471,45,1,'teste',47,'2019-03-12 14:18:38'),(472,45,1,'teste',48,'2019-03-12 14:18:38'),(473,45,1,'teste',49,'2019-03-12 14:18:38'),(474,45,1,'teste',50,'2019-03-12 14:18:38'),(475,45,1,'teste',51,'2019-03-12 14:18:38'),(476,45,1,'teste',52,'2019-03-12 14:18:38'),(477,45,1,'teste',53,'2019-03-12 14:18:38'),(478,45,1,'teste',54,'2019-03-12 14:18:38'),(479,45,1,'teste',55,'2019-03-12 14:18:38'),(480,45,1,'teste',56,'2019-03-12 14:18:38'),(481,45,1,'teste',57,'2019-03-12 14:18:38'),(482,45,1,'teste',58,'2019-03-12 14:18:38'),(483,45,1,'teste',59,'2019-03-12 14:18:38'),(484,45,1,'teste',60,'2019-03-12 14:18:38'),(485,45,1,'teste',61,'2019-03-12 14:18:38'),(486,45,1,'teste',62,'2019-03-12 14:18:38'),(487,45,1,'teste',63,'2019-03-12 14:18:38'),(488,45,1,'teste',64,'2019-03-12 14:18:38'),(489,45,1,'teste',65,'2019-03-12 14:18:38'),(490,45,1,'teste',66,'2019-03-12 14:18:38'),(491,45,1,'teste',67,'2019-03-12 14:18:38'),(492,45,1,'teste',68,'2019-03-12 14:18:38'),(493,45,1,'teste',69,'2019-03-12 14:18:38'),(494,45,1,'teste',70,'2019-03-12 14:18:38'),(495,45,1,'teste',71,'2019-03-12 14:18:38'),(496,45,1,'teste',72,'2019-03-12 14:18:38'),(497,45,1,'teste',73,'2019-03-12 14:18:38'),(498,45,1,'teste',74,'2019-03-12 14:18:38'),(499,45,1,'teste',75,'2019-03-12 14:18:38'),(500,45,1,'teste',76,'2019-03-12 14:18:38'),(501,45,1,'teste',77,'2019-03-12 14:18:38'),(502,45,1,'teste',78,'2019-03-12 14:18:38'),(503,45,1,'teste',79,'2019-03-12 14:18:38'),(504,45,1,'teste',80,'2019-03-12 14:18:38'),(505,45,1,'teste',81,'2019-03-12 14:18:38'),(506,45,1,'teste',82,'2019-03-12 14:18:38'),(507,45,1,'teste',83,'2019-03-12 14:18:38'),(508,45,1,'teste',84,'2019-03-12 14:18:38'),(509,45,1,'teste',85,'2019-03-12 14:18:38'),(510,45,1,'teste',86,'2019-03-12 14:18:38'),(511,45,1,'teste',87,'2019-03-12 14:18:38'),(512,45,1,'teste',88,'2019-03-12 14:18:38'),(513,45,1,'teste',89,'2019-03-12 14:18:38'),(514,45,1,'teste',90,'2019-03-12 14:18:38'),(515,45,1,'teste',91,'2019-03-12 14:18:38'),(516,45,1,'teste',92,'2019-03-12 14:18:38'),(517,45,1,'teste',93,'2019-03-12 14:18:38'),(518,45,1,'teste',94,'2019-03-12 14:18:38'),(519,45,1,'teste',95,'2019-03-12 14:18:38'),(520,45,1,'teste',96,'2019-03-12 14:18:38'),(521,45,1,'teste',97,'2019-03-12 14:18:38'),(522,45,1,'teste',98,'2019-03-12 14:18:38'),(523,45,1,'teste',99,'2019-03-12 14:18:38'),(524,45,1,'teste',100,'2019-03-12 14:18:38'),(525,45,1,'teste',101,'2019-03-12 14:18:38'),(526,45,1,'teste',102,'2019-03-12 14:18:38'),(527,45,1,'teste',103,'2019-03-12 14:18:38'),(528,45,1,'teste',104,'2019-03-12 14:18:38'),(529,45,1,'teste',105,'2019-03-12 14:18:38'),(530,45,1,'teste',106,'2019-03-12 14:18:38'),(531,45,1,'teste',107,'2019-03-12 14:18:38'),(532,45,1,'teste',108,'2019-03-12 14:18:38'),(533,45,1,'teste',109,'2019-03-12 14:18:38'),(534,45,1,'teste',110,'2019-03-12 14:18:38'),(535,45,1,'teste',111,'2019-03-12 14:18:38'),(536,45,1,'teste',112,'2019-03-12 14:18:38'),(537,45,1,'teste',113,'2019-03-12 14:18:38'),(538,45,1,'teste',114,'2019-03-12 14:18:38'),(539,45,1,'teste',115,'2019-03-12 14:18:38'),(540,45,1,'teste',116,'2019-03-12 14:18:38'),(541,45,1,'teste',117,'2019-03-12 14:18:38'),(542,45,1,'teste',118,'2019-03-12 14:18:38'),(543,45,1,'teste',119,'2019-03-12 14:18:38'),(544,45,1,'teste',120,'2019-03-12 14:18:38'),(545,45,1,'teste',121,'2019-03-12 14:18:38'),(546,45,1,'teste',122,'2019-03-12 14:18:38'),(547,45,1,'teste',123,'2019-03-12 14:18:38'),(548,45,1,'teste',124,'2019-03-12 14:18:38'),(549,45,1,'teste',125,'2019-03-12 14:18:38'),(550,45,1,'teste',126,'2019-03-12 14:18:38'),(551,45,1,'teste',127,'2019-03-12 14:18:38'),(552,45,1,'teste',128,'2019-03-12 14:18:38'),(553,45,1,'teste',129,'2019-03-12 14:18:38'),(554,45,1,'teste',130,'2019-03-12 14:18:38'),(555,45,1,'teste',131,'2019-03-12 14:18:38'),(556,45,1,'teste',132,'2019-03-12 14:18:38'),(557,45,1,'teste',133,'2019-03-12 14:18:38'),(558,45,1,'teste',135,'2019-03-12 14:18:38'),(559,45,1,'teste',137,'2019-03-12 14:18:38'),(560,45,1,'teste',138,'2019-03-12 14:18:38'),(561,45,1,'teste',139,'2019-03-12 14:18:38'),(562,45,1,'teste',140,'2019-03-12 14:18:38'),(563,45,1,'teste',141,'2019-03-12 14:18:38'),(564,45,1,'teste',142,'2019-03-12 14:18:38'),(565,8,20,'default',23,'2019-03-20 20:34:41'),(566,8,20,'Primeiros créditos',1,'2019-03-22 13:22:38'),(567,8,20,'Primeiros créditos',2,'2019-03-22 13:22:38'),(568,8,20,'Primeiros créditos',3,'2019-03-22 13:22:38'),(569,8,20,'Primeiros créditos',4,'2019-03-22 13:22:38'),(570,8,20,'Primeiros créditos',5,'2019-03-22 13:22:38'),(571,8,20,'Primeiros créditos',6,'2019-03-22 13:22:38'),(572,8,20,'Primeiros créditos',7,'2019-03-22 13:22:38'),(573,8,20,'Primeiros créditos',8,'2019-03-22 13:22:38'),(574,8,20,'Primeiros créditos',9,'2019-03-22 13:22:38'),(575,8,20,'Primeiros créditos',10,'2019-03-22 13:22:38'),(576,8,20,'Primeiros créditos',11,'2019-03-22 13:22:38'),(577,8,20,'Primeiros créditos',12,'2019-03-22 13:22:38'),(578,8,20,'Primeiros créditos',13,'2019-03-22 13:22:38'),(579,8,20,'Primeiros créditos',14,'2019-03-22 13:22:38'),(580,8,20,'Primeiros créditos',15,'2019-03-22 13:22:38'),(581,8,20,'Primeiros créditos',16,'2019-03-22 13:22:38'),(582,8,20,'Primeiros créditos',17,'2019-03-22 13:22:38'),(583,8,20,'Primeiros créditos',18,'2019-03-22 13:22:38'),(584,8,20,'Primeiros créditos',19,'2019-03-22 13:22:38'),(585,8,20,'Primeiros créditos',20,'2019-03-22 13:22:38'),(586,8,20,'Primeiros créditos',21,'2019-03-22 13:22:38'),(587,8,20,'Primeiros créditos',22,'2019-03-22 13:22:38'),(588,8,20,'Primeiros créditos',23,'2019-03-22 13:22:38'),(589,8,20,'Primeiros créditos',24,'2019-03-22 13:22:38'),(590,8,20,'Primeiros créditos',26,'2019-03-22 13:22:38'),(591,8,20,'Primeiros créditos',27,'2019-03-22 13:22:38'),(592,8,20,'Primeiros créditos',28,'2019-03-22 13:22:38'),(593,8,20,'Primeiros créditos',29,'2019-03-22 13:22:38'),(594,8,20,'Primeiros créditos',30,'2019-03-22 13:22:38'),(595,8,20,'Primeiros créditos',31,'2019-03-22 13:22:38'),(596,8,20,'Primeiros créditos',32,'2019-03-22 13:22:38'),(597,8,20,'Primeiros créditos',33,'2019-03-22 13:22:38'),(598,8,20,'Primeiros créditos',34,'2019-03-22 13:22:38'),(599,8,20,'Primeiros créditos',35,'2019-03-22 13:22:38'),(600,8,20,'Primeiros créditos',36,'2019-03-22 13:22:38'),(601,8,20,'Primeiros créditos',37,'2019-03-22 13:22:38'),(602,8,20,'Primeiros créditos',38,'2019-03-22 13:22:38'),(603,8,20,'Primeiros créditos',39,'2019-03-22 13:22:38'),(604,8,20,'Primeiros créditos',41,'2019-03-22 13:22:38'),(605,8,20,'Primeiros créditos',42,'2019-03-22 13:22:38'),(606,8,20,'Primeiros créditos',44,'2019-03-22 13:22:38'),(607,8,20,'Primeiros créditos',45,'2019-03-22 13:22:38'),(608,8,20,'Primeiros créditos',46,'2019-03-22 13:22:38'),(609,8,20,'Primeiros créditos',47,'2019-03-22 13:22:38'),(610,8,20,'Primeiros créditos',48,'2019-03-22 13:22:38'),(611,8,20,'Primeiros créditos',49,'2019-03-22 13:22:38'),(612,8,20,'Primeiros créditos',50,'2019-03-22 13:22:38'),(613,8,20,'Primeiros créditos',51,'2019-03-22 13:22:39'),(614,8,20,'Primeiros créditos',52,'2019-03-22 13:22:39'),(615,8,20,'Primeiros créditos',53,'2019-03-22 13:22:39'),(616,8,20,'Primeiros créditos',54,'2019-03-22 13:22:39'),(617,8,20,'Primeiros créditos',55,'2019-03-22 13:22:39'),(618,8,20,'Primeiros créditos',56,'2019-03-22 13:22:39'),(619,8,20,'Primeiros créditos',57,'2019-03-22 13:22:39'),(620,8,20,'Primeiros créditos',58,'2019-03-22 13:22:39'),(621,8,20,'Primeiros créditos',59,'2019-03-22 13:22:39'),(622,8,20,'Primeiros créditos',60,'2019-03-22 13:22:39'),(623,8,20,'Primeiros créditos',61,'2019-03-22 13:22:39'),(624,8,20,'Primeiros créditos',62,'2019-03-22 13:22:39'),(625,8,20,'Primeiros créditos',63,'2019-03-22 13:22:39'),(626,8,20,'Primeiros créditos',64,'2019-03-22 13:22:39'),(627,8,20,'Primeiros créditos',65,'2019-03-22 13:22:39'),(628,8,20,'Primeiros créditos',66,'2019-03-22 13:22:39'),(629,8,20,'Primeiros créditos',67,'2019-03-22 13:22:39'),(630,8,20,'Primeiros créditos',68,'2019-03-22 13:22:39'),(631,8,20,'Primeiros créditos',69,'2019-03-22 13:22:39'),(632,8,20,'Primeiros créditos',70,'2019-03-22 13:22:39'),(633,8,20,'Primeiros créditos',71,'2019-03-22 13:22:39'),(634,8,20,'Primeiros créditos',72,'2019-03-22 13:22:39'),(635,8,20,'Primeiros créditos',73,'2019-03-22 13:22:39'),(636,8,20,'Primeiros créditos',74,'2019-03-22 13:22:39'),(637,8,20,'Primeiros créditos',75,'2019-03-22 13:22:39'),(638,8,20,'Primeiros créditos',76,'2019-03-22 13:22:39'),(639,8,20,'Primeiros créditos',77,'2019-03-22 13:22:39'),(640,8,20,'Primeiros créditos',79,'2019-03-22 13:22:39'),(641,8,20,'Primeiros créditos',80,'2019-03-22 13:22:39'),(642,8,20,'Primeiros créditos',81,'2019-03-22 13:22:39'),(643,8,20,'Primeiros créditos',82,'2019-03-22 13:22:39'),(644,8,20,'Primeiros créditos',83,'2019-03-22 13:22:39'),(645,8,20,'Primeiros créditos',84,'2019-03-22 13:22:39'),(646,8,20,'Primeiros créditos',85,'2019-03-22 13:22:39'),(647,8,20,'Primeiros créditos',86,'2019-03-22 13:22:39'),(648,8,20,'Primeiros créditos',87,'2019-03-22 13:22:39'),(649,8,20,'Primeiros créditos',88,'2019-03-22 13:22:39'),(650,8,20,'Primeiros créditos',89,'2019-03-22 13:22:39'),(651,8,20,'Primeiros créditos',90,'2019-03-22 13:22:39'),(652,8,20,'Primeiros créditos',91,'2019-03-22 13:22:39'),(653,8,20,'Primeiros créditos',92,'2019-03-22 13:22:39'),(654,8,20,'Primeiros créditos',93,'2019-03-22 13:22:39'),(655,8,20,'Primeiros créditos',95,'2019-03-22 13:22:39'),(656,8,20,'Primeiros créditos',96,'2019-03-22 13:22:39'),(657,8,20,'Primeiros créditos',97,'2019-03-22 13:22:39'),(658,8,20,'Primeiros créditos',99,'2019-03-22 13:22:39'),(659,8,20,'Primeiros créditos',100,'2019-03-22 13:22:39'),(660,8,20,'Primeiros créditos',101,'2019-03-22 13:22:39'),(661,8,20,'Primeiros créditos',102,'2019-03-22 13:22:39'),(662,8,20,'Primeiros créditos',103,'2019-03-22 13:22:39'),(663,8,20,'Primeiros créditos',104,'2019-03-22 13:22:39'),(664,8,20,'Primeiros créditos',105,'2019-03-22 13:22:39'),(665,8,20,'Primeiros créditos',106,'2019-03-22 13:22:39'),(666,8,20,'Primeiros créditos',107,'2019-03-22 13:22:39'),(667,8,20,'Primeiros créditos',108,'2019-03-22 13:22:39'),(668,8,20,'Primeiros créditos',109,'2019-03-22 13:22:39'),(669,8,20,'Primeiros créditos',111,'2019-03-22 13:22:39'),(670,8,20,'Primeiros créditos',112,'2019-03-22 13:22:39'),(671,8,20,'Primeiros créditos',113,'2019-03-22 13:22:39'),(672,8,20,'Primeiros créditos',114,'2019-03-22 13:22:39'),(673,8,20,'Primeiros créditos',115,'2019-03-22 13:22:39'),(674,8,20,'Primeiros créditos',116,'2019-03-22 13:22:39'),(675,8,20,'Primeiros créditos',117,'2019-03-22 13:22:39'),(676,8,20,'Primeiros créditos',118,'2019-03-22 13:22:39'),(677,8,20,'Primeiros créditos',119,'2019-03-22 13:22:39'),(678,8,20,'Primeiros créditos',120,'2019-03-22 13:22:39'),(679,8,20,'Primeiros créditos',123,'2019-03-22 13:22:39'),(680,8,20,'Primeiros créditos',124,'2019-03-22 13:22:39'),(681,8,20,'Primeiros créditos',125,'2019-03-22 13:22:39'),(682,8,20,'Primeiros créditos',127,'2019-03-22 13:22:39'),(683,8,20,'Primeiros créditos',128,'2019-03-22 13:22:39'),(684,8,20,'Primeiros créditos',129,'2019-03-22 13:22:39'),(685,8,20,'Primeiros créditos',130,'2019-03-22 13:22:39'),(686,8,20,'Primeiros créditos',131,'2019-03-22 13:22:39'),(687,8,20,'Primeiros créditos',135,'2019-03-22 13:22:39'),(688,8,20,'Primeiros créditos',137,'2019-03-22 13:22:39'),(689,8,20,'Primeiros créditos',138,'2019-03-22 13:22:39'),(690,8,20,'Primeiros créditos',139,'2019-03-22 13:22:39'),(691,8,20,'Primeiros créditos',140,'2019-03-22 13:22:39'),(692,8,20,'Primeiros créditos',141,'2019-03-22 13:22:39'),(693,8,40,'Créditos passados',125,'2019-03-22 13:24:27'),(694,8,20,'Créditos passados',125,'2019-03-22 13:24:39'),(695,8,70,'Créditos passados',113,'2019-03-22 13:25:10'),(696,8,30,'Créditos passados',112,'2019-03-22 13:25:33'),(697,8,120,'Créditos passados',89,'2019-03-22 13:26:56'),(698,8,40,'Créditos passados',86,'2019-03-22 13:27:22'),(699,8,120,'Créditos passados',79,'2019-03-22 13:27:44'),(700,8,50,'Créditos passados',77,'2019-03-22 13:28:06'),(701,8,80,'Créditos passados',72,'2019-03-22 13:28:27'),(702,8,70,'Créditos passados',44,'2019-03-22 13:28:57'),(703,8,70,'Créditos passados',36,'2019-03-22 13:29:37'),(704,8,30,'Créditos passados',32,'2019-03-22 13:30:23'),(705,8,30,'Créditos passados',32,'2019-03-22 13:30:24'),(706,8,120,'Créditos passados',29,'2019-03-22 13:30:45'),(707,8,30,'Créditos passados',22,'2019-03-22 13:31:16'),(708,8,40,'Créditos passados',21,'2019-03-22 13:31:35'),(709,8,90,'Créditos passados',16,'2019-03-22 13:31:53'),(710,8,110,'Créditos passados',14,'2019-03-22 13:32:10'),(711,8,50,'Créditos passados',10,'2019-03-22 13:32:29'),(712,8,30,'Créditos passados',7,'2019-03-22 13:32:45'),(713,8,30,'Créditos passados',8,'2019-03-22 13:32:58'),(714,8,130,'Créditos passados',4,'2019-03-22 13:33:14');
/*!40000 ALTER TABLE `tb_deposito` ENABLE KEYS */;
UNLOCK TABLES;

--
-- Table structure for table `tb_life_skill`
--

DROP TABLE IF EXISTS `tb_life_skill`;
/*!40101 SET @saved_cs_client     = @@character_set_client */;
/*!40101 SET character_set_client = utf8 */;
CREATE TABLE `tb_life_skill` (
  `cd_life_skill` int(11) NOT NULL AUTO_INCREMENT,
  `no_life_skill` varchar(100) NOT NULL,
  `no_life_skill_slug` varchar(100) NOT NULL,
  `cd_statuts` int(11) NOT NULL,
  `dt_cadastro` datetime NOT NULL DEFAULT CURRENT_TIMESTAMP,
  `dt_atualizacao` timestamp NOT NULL DEFAULT CURRENT_TIMESTAMP ON UPDATE CURRENT_TIMESTAMP,
  PRIMARY KEY (`cd_life_skill`),
  KEY `LifeSkill->Status_idx` (`cd_statuts`),
  CONSTRAINT `LifeSkill->Status` FOREIGN KEY (`cd_statuts`) REFERENCES `tb_status` (`cd_status`) ON DELETE NO ACTION ON UPDATE NO ACTION
) ENGINE=InnoDB DEFAULT CHARSET=utf8;
/*!40101 SET character_set_client = @saved_cs_client */;

--
-- Dumping data for table `tb_life_skill`
--

LOCK TABLES `tb_life_skill` WRITE;
/*!40000 ALTER TABLE `tb_life_skill` DISABLE KEYS */;
/*!40000 ALTER TABLE `tb_life_skill` ENABLE KEYS */;
UNLOCK TABLES;

--
-- Table structure for table `tb_log`
--

DROP TABLE IF EXISTS `tb_log`;
/*!40101 SET @saved_cs_client     = @@character_set_client */;
/*!40101 SET character_set_client = utf8 */;
CREATE TABLE `tb_log` (
  `cd_log` int(11) NOT NULL AUTO_INCREMENT,
  `cd_usuario` int(11) NOT NULL,
  `no_acao` text NOT NULL,
  `cd_item` int(11) DEFAULT NULL,
  `no_tabela` varchar(45) DEFAULT NULL,
  `dt_acao` timestamp NOT NULL DEFAULT CURRENT_TIMESTAMP,
  PRIMARY KEY (`cd_log`),
  KEY `Relatorio->UsuarioAdmin_idx` (`cd_usuario`)
) ENGINE=InnoDB AUTO_INCREMENT=1030 DEFAULT CHARSET=utf8 COMMENT='tabela para auditoria';
/*!40101 SET character_set_client = @saved_cs_client */;

--
-- Dumping data for table `tb_log`
--

LOCK TABLES `tb_log` WRITE;
/*!40000 ALTER TABLE `tb_log` DISABLE KEYS */;
INSERT INTO `tb_log` VALUES (730,1,'efetuou login',1,NULL,'2017-11-28 17:06:54'),(731,1,'efetuou login',1,NULL,'2017-11-28 17:10:48'),(732,1,'efetuou logoff',1,NULL,'2017-11-28 17:12:59'),(733,1,'efetuou login',1,NULL,'2017-11-28 17:13:02'),(734,1,'efetuou logoff',1,NULL,'2017-11-28 17:17:14'),(735,1,'efetuou login',1,NULL,'2017-11-28 17:18:25'),(736,1,'efetuou login',1,NULL,'2017-11-30 17:25:14'),(737,1,'efetuou login',1,NULL,'2017-11-30 17:25:23'),(738,1,'efetuou login',1,NULL,'2017-11-30 17:29:11'),(739,1,'efetuou logoff',1,NULL,'2017-11-30 17:40:42'),(740,1,'efetuou login',1,NULL,'2017-11-30 17:40:45'),(741,1,'efetuou login',1,NULL,'2017-11-30 17:40:48'),(742,1,'efetuou login',1,NULL,'2017-11-30 17:41:05'),(743,1,'efetuou login',1,NULL,'2017-11-30 17:41:37'),(744,1,'efetuou logoff',1,NULL,'2017-11-30 17:43:47'),(745,1,'efetuou login',1,NULL,'2017-11-30 17:50:31'),(746,1,'efetuou logoff',1,NULL,'2017-11-30 17:52:32'),(747,1,'efetuou login',1,NULL,'2017-11-30 17:52:35'),(748,1,'efetuou logoff',1,NULL,'2017-11-30 18:06:16'),(749,1,'efetuou login',1,NULL,'2017-11-30 18:06:25'),(750,1,'efetuou logoff',1,NULL,'2017-11-30 18:08:04'),(751,1,'efetuou login',1,NULL,'2017-11-30 18:08:08'),(752,1,'efetuou logoff',1,NULL,'2017-11-30 18:10:06'),(753,1,'efetuou login',1,NULL,'2017-11-30 18:10:09'),(754,1,'efetuou logoff',1,NULL,'2017-11-30 18:10:12'),(755,1,'efetuou login',1,NULL,'2017-11-30 18:10:16'),(756,1,'efetuou logoff',1,NULL,'2017-11-30 18:11:54'),(757,1,'efetuou login',1,NULL,'2017-11-30 18:11:57'),(758,1,'efetuou logoff',1,NULL,'2017-11-30 18:12:02'),(759,1,'efetuou login',1,NULL,'2017-11-30 18:12:04'),(760,1,'efetuou logoff',1,NULL,'2017-11-30 18:15:55'),(761,1,'efetuou login',1,NULL,'2017-11-30 18:15:57'),(762,1,'efetuou logoff',1,NULL,'2017-11-30 18:36:02'),(763,1,'redefiniu senha',1,NULL,'2017-11-30 19:49:37'),(764,1,'redefiniu senha',1,NULL,'2017-11-30 19:53:25'),(765,1,'efetuou login',1,NULL,'2017-11-30 19:57:34'),(766,1,'efetuou login',1,NULL,'2017-12-01 17:38:44'),(767,1,'efetuou login',1,NULL,'2017-12-01 18:35:47'),(768,1,'efetuou login',1,NULL,'2017-12-01 18:35:51'),(769,1,'alterou',1,NULL,'2017-12-01 19:12:12'),(770,1,'alterou',1,'tb_gtm','2017-12-01 19:12:56'),(771,1,'alterou',1,'tb_gtm','2017-12-01 19:16:54'),(772,1,'alterou',1,'tb_gtm','2017-12-01 19:16:55'),(773,1,'alterou',1,'tb_gtm','2017-12-01 19:16:56'),(774,1,'alterou',1,'tb_gtm','2017-12-01 19:20:42'),(775,1,'alterou',1,'tb_gtm','2017-12-01 19:21:03'),(776,1,'efetuou login',1,NULL,'2017-12-04 19:08:14'),(777,1,'efetuou login',1,NULL,'2017-12-04 19:10:29'),(778,1,'efetuou logoff',1,NULL,'2017-12-04 19:11:20'),(779,1,'efetuou login',1,NULL,'2017-12-04 19:13:30'),(780,1,'alterou',1,'tb_gtm','2017-12-04 19:21:11'),(781,1,'alterou',1,'tb_gtm','2017-12-04 19:23:19'),(782,1,'alterou',1,'tb_gtm','2017-12-04 19:23:37'),(783,1,'alterou',1,'tb_gtm','2017-12-04 19:23:45'),(784,1,'alterou',1,'tb_gtm','2017-12-04 19:36:46'),(785,1,'alterou',1,'tb_gtm','2017-12-04 19:36:50'),(786,1,'alterou',1,'tb_gtm','2017-12-04 19:36:57'),(787,1,'alterou',1,'tb_gtm','2017-12-04 19:37:59'),(788,1,'alterou',1,'tb_gtm','2017-12-04 19:38:01'),(789,1,'alterou',1,'tb_gtm','2017-12-04 19:38:11'),(790,1,'alterou',1,'tb_gtm','2017-12-04 19:38:46'),(791,1,'alterou',1,'tb_gtm','2017-12-04 19:39:26'),(792,1,'alterou',1,'tb_gtm','2017-12-04 19:39:29'),(793,1,'alterou',1,'tb_gtm','2017-12-04 19:39:32'),(794,1,'alterou',1,'tb_gtm','2017-12-04 19:43:17'),(795,1,'alterou',1,'tb_gtm','2017-12-04 19:43:22'),(796,1,'alterou',1,'tb_gtm','2017-12-04 19:44:01'),(797,1,'alterou',1,'tb_gtm','2017-12-04 19:44:07'),(798,1,'alterou',1,'tb_gtm','2017-12-04 19:44:15'),(799,1,'alterou',1,'tb_gtm','2017-12-04 19:57:41'),(800,1,'efetuou login',1,NULL,'2017-12-05 18:44:34'),(801,1,'efetuou logoff',1,NULL,'2017-12-05 18:44:48'),(802,1,'efetuou login',1,NULL,'2017-12-05 18:44:50'),(803,1,'efetuou logoff',1,NULL,'2017-12-05 19:00:48'),(804,1,'efetuou login',1,NULL,'2017-12-05 19:00:50'),(805,1,'efetuou login',1,NULL,'2017-12-15 11:36:14'),(806,1,'efetuou logoff',1,NULL,'2017-12-15 11:36:17'),(807,1,'efetuou login',1,NULL,'2017-12-15 11:37:00'),(808,1,'efetuou logoff',1,NULL,'2017-12-15 11:37:38'),(809,1,'efetuou login',1,NULL,'2017-12-15 11:38:17'),(810,1,'efetuou logoff',1,NULL,'2017-12-15 11:39:54'),(811,1,'redefiniu senha',1,NULL,'2017-12-20 12:56:07'),(812,1,'redefiniu senha',1,NULL,'2017-12-20 12:59:42'),(813,1,'redefiniu senha',1,NULL,'2017-12-20 15:33:10'),(814,1,'redefiniu senha',1,NULL,'2017-12-20 15:35:23'),(815,1,'redefiniu senha',1,NULL,'2017-12-20 15:36:41'),(816,1,'redefiniu senha',1,NULL,'2017-12-20 15:37:38'),(817,1,'redefiniu senha',1,NULL,'2017-12-20 15:39:54'),(818,1,'redefiniu senha',1,NULL,'2017-12-20 15:40:28'),(819,1,'redefiniu senha',1,NULL,'2017-12-20 16:37:44'),(820,1,'redefiniu senha',1,NULL,'2017-12-20 16:57:31'),(821,1,'redefiniu senha',1,NULL,'2017-12-20 16:58:21'),(822,1,'redefiniu senha',1,NULL,'2017-12-20 17:04:55'),(823,1,'redefiniu senha',1,NULL,'2017-12-20 17:22:22'),(824,1,'redefiniu senha',1,NULL,'2017-12-20 17:26:54'),(825,1,'redefiniu senha',1,NULL,'2017-12-20 17:30:15'),(826,1,'redefiniu senha',1,NULL,'2017-12-20 17:31:47'),(827,1,'redefiniu senha',1,NULL,'2017-12-20 17:34:23'),(828,1,'redefiniu senha',1,NULL,'2017-12-20 17:34:59'),(829,1,'efetuou login',1,NULL,'2018-03-26 13:17:20'),(830,1,'efetuou logoff',1,NULL,'2018-03-26 13:38:09'),(831,1,'efetuou login',1,NULL,'2018-04-04 14:52:45'),(832,1,'alterou',1,'tb_gtm','2018-04-04 15:09:37'),(833,1,'alterou',1,'tb_gtm','2018-04-04 15:09:43'),(834,1,'alterou',1,'tb_gtm','2018-04-04 15:11:21'),(835,1,'efetuou logoff',1,NULL,'2018-04-04 16:45:58'),(836,1,'efetuou login',1,NULL,'2018-04-04 16:46:01'),(837,1,'efetuou logoff',1,NULL,'2018-04-04 16:46:11'),(838,1,'efetuou login',1,NULL,'2018-04-04 16:49:45'),(839,1,'efetuou login',1,NULL,'2018-04-12 17:41:13'),(840,1,'efetuou login',1,NULL,'2018-04-24 12:25:18'),(841,1,'efetuou login',NULL,'tb_usuario_admin','2018-05-30 19:21:09'),(842,1,'alterou',1,'tb_gtm','2018-05-30 19:30:37'),(843,1,'alterou',1,'tb_gtm','2018-05-30 19:31:53'),(844,1,'efetuou login',NULL,'tb_usuario_admin','2018-05-31 03:37:58'),(845,1,'efetuou login',NULL,'tb_usuario_admin','2018-06-07 14:48:56'),(846,1,'efetuou login',NULL,'tb_usuario_admin','2018-06-08 18:19:51'),(847,1,'efetuou logoff',NULL,NULL,'2018-06-08 18:58:42'),(848,1,'efetuou login',NULL,'tb_usuario_admin','2018-06-08 18:58:45'),(849,1,'efetuou logoff',NULL,NULL,'2018-06-08 19:07:57'),(850,1,'efetuou login',NULL,'tb_usuario_admin','2018-06-08 19:08:00'),(851,1,'inseriu',2,'tb_usuario_admin','2018-06-08 19:19:33'),(852,1,'excluiu',2,'tb_usuario_admin','2018-06-08 19:22:12'),(853,1,'alterou',1,'tb_usuario_admin','2018-06-08 19:31:56'),(854,1,'excluiu',2,'tb_usuario_admin','2018-06-08 19:32:58'),(855,1,'efetuou login',NULL,'tb_usuario_admin','2018-06-08 20:11:10'),(856,1,'excluiu',2,'tb_usuario_admin','2018-06-08 20:26:21'),(857,1,'alterou',2,'tb_usuario_admin','2018-06-08 20:26:32'),(858,1,'efetuou login',NULL,'tb_usuario_admin','2018-06-15 18:26:33'),(859,1,'excluiu',2,'tb_usuario_admin','2018-06-15 18:27:46'),(860,1,'alterou',2,'tb_usuario_admin','2018-06-15 18:27:56'),(861,1,'alterou',2,'tb_usuario_admin','2018-06-15 18:28:44'),(862,1,'excluiu',2,'tb_contato','2018-06-15 19:04:39'),(863,1,'alterou',1,'tb_contato','2018-06-15 19:36:25'),(864,1,'alterou',1,'tb_contato','2018-06-15 19:36:31'),(865,1,'alterou',2,'tb_contato','2018-06-15 19:36:37'),(866,1,'alterou',1,'tb_gtm','2018-06-15 20:08:22'),(867,1,'inseriu',2,'tb_menu','2018-06-15 20:56:41'),(868,1,'inseriu',3,'tb_menu','2018-06-15 21:01:57'),(869,1,'inseriu',4,'tb_menu','2018-06-15 21:02:33'),(870,1,'efetuou login',NULL,'tb_usuario','2018-10-01 13:50:42'),(871,1,'efetuou login',NULL,'tb_usuario','2018-10-01 13:52:29'),(872,1,'efetuou login',NULL,'tb_usuario','2018-10-01 13:53:36'),(873,1,'efetuou login',NULL,'tb_usuario','2018-10-01 14:14:36'),(874,1,'efetuou login',NULL,'tb_usuario','2018-10-01 14:35:02'),(875,1,'efetuou login',NULL,'tb_usuario','2018-10-01 14:35:30'),(876,1,'efetuou login',NULL,'tb_usuario','2018-10-01 14:35:41'),(877,1,'efetuou login',NULL,'tb_usuario','2018-10-01 14:35:59'),(878,1,'efetuou login',NULL,'tb_usuario','2018-10-01 14:37:15'),(879,1,'efetuou login',NULL,'tb_usuario','2018-10-01 14:37:30'),(880,1,'efetuou login',NULL,'tb_usuario','2018-10-01 14:46:54'),(881,1,'efetuou login',NULL,'tb_usuario','2018-10-01 14:53:03'),(882,1,'efetuou login',NULL,'tb_usuario','2018-10-01 16:39:10'),(883,1,'efetuou login',NULL,'tb_usuario','2018-10-01 16:42:24'),(884,1,'efetuou login',NULL,'tb_usuario','2018-10-01 16:42:45'),(885,1,'efetuou login',NULL,'tb_usuario','2018-10-01 16:44:16'),(886,1,'efetuou login',NULL,'tb_usuario','2018-10-01 16:44:35'),(887,1,'efetuou login',NULL,'tb_usuario','2018-10-01 16:45:30'),(888,1,'efetuou login',NULL,'tb_usuario','2018-10-01 16:50:06'),(889,1,'efetuou login',NULL,'tb_usuario','2018-10-01 16:59:02'),(890,1,'efetuou login',NULL,'tb_usuario','2018-10-01 17:00:24'),(891,1,'efetuou login',NULL,'tb_usuario','2018-10-01 17:01:27'),(892,1,'efetuou login',NULL,'tb_usuario','2018-10-01 17:01:47'),(893,1,'efetuou login',NULL,'tb_usuario','2018-10-01 17:02:35'),(894,1,'efetuou login',NULL,'tb_usuario','2018-10-01 17:02:54'),(895,1,'efetuou login',NULL,'tb_usuario','2018-10-01 17:03:27'),(896,1,'efetuou login',NULL,'tb_usuario','2018-10-01 17:03:42'),(897,1,'efetuou login',NULL,'tb_usuario','2018-10-01 17:03:46'),(898,1,'efetuou login',NULL,'tb_usuario','2018-10-01 17:03:54'),(899,1,'efetuou login',NULL,'tb_usuario','2018-10-01 17:04:09'),(900,1,'efetuou login',NULL,'tb_usuario','2018-10-01 17:12:46'),(901,1,'efetuou login',NULL,'tb_usuario','2018-10-01 17:13:06'),(902,1,'efetuou login',NULL,'tb_usuario','2018-10-01 17:14:31'),(903,1,'efetuou login',NULL,'tb_usuario','2018-10-01 17:16:37'),(904,1,'efetuou login',NULL,'tb_usuario','2018-10-01 17:44:18'),(905,1,'efetuou login',NULL,'tb_usuario','2018-10-01 17:44:39'),(906,2,'efetuou login',NULL,'tb_usuario','2018-10-01 18:17:42'),(907,1,'efetuou login',NULL,'tb_usuario','2018-10-02 11:41:13'),(908,34,'efetuou login',NULL,'tb_usuario','2018-10-02 19:38:59'),(909,34,'efetuou login',NULL,'tb_usuario','2018-10-02 20:07:01'),(910,34,'efetuou login',NULL,'tb_usuario','2018-10-02 20:09:10'),(911,34,'efetuou login',NULL,'tb_usuario','2018-10-02 20:11:21'),(912,34,'efetuou login',NULL,'tb_usuario','2018-10-02 20:12:46'),(913,34,'efetuou login',NULL,'tb_usuario','2018-10-02 20:15:30'),(914,34,'efetuou login',NULL,'tb_usuario','2018-10-02 20:15:50'),(915,34,'efetuou login',NULL,'tb_usuario','2018-10-02 20:17:53'),(916,34,'efetuou login',NULL,'tb_usuario','2018-10-02 20:18:16'),(917,34,'efetuou login',NULL,'tb_usuario','2018-10-02 20:18:20'),(918,34,'efetuou login',NULL,'tb_usuario','2018-10-02 20:18:38'),(919,34,'efetuou login',NULL,'tb_usuario','2018-10-02 20:18:51'),(920,34,'efetuou login',NULL,'tb_usuario','2018-10-02 20:19:07'),(921,34,'efetuou login',NULL,'tb_usuario','2018-10-02 20:19:24'),(922,34,'efetuou login',NULL,'tb_usuario','2018-10-02 20:19:59'),(923,34,'efetuou login',NULL,'tb_usuario','2018-10-02 20:20:12'),(924,34,'efetuou login',NULL,'tb_usuario','2018-10-02 20:22:38'),(925,34,'efetuou login',NULL,'tb_usuario','2018-10-02 20:23:46'),(926,34,'efetuou login',NULL,'tb_usuario','2018-10-02 20:26:25'),(927,34,'efetuou login',NULL,'tb_usuario','2018-10-02 20:26:36'),(928,34,'efetuou login',NULL,'tb_usuario','2018-10-02 20:26:56'),(929,34,'efetuou login',NULL,'tb_usuario','2018-10-02 20:27:15'),(930,34,'efetuou login',NULL,'tb_usuario','2018-10-02 20:27:21'),(931,34,'efetuou login',NULL,'tb_usuario','2018-10-02 20:27:24'),(932,34,'efetuou login',NULL,'tb_usuario','2018-10-02 20:28:04'),(933,34,'efetuou login',NULL,'tb_usuario','2018-10-02 20:28:12'),(934,34,'efetuou login',NULL,'tb_usuario','2018-10-02 20:29:08'),(935,34,'efetuou login',NULL,'tb_usuario','2018-10-02 20:29:17'),(936,34,'efetuou login',NULL,'tb_usuario','2018-10-02 20:29:30'),(937,34,'efetuou login',NULL,'tb_usuario','2018-10-02 20:30:45'),(938,34,'efetuou login',NULL,'tb_usuario','2018-10-02 20:31:41'),(939,34,'efetuou login',NULL,'tb_usuario','2018-10-02 20:33:55'),(940,34,'efetuou login',NULL,'tb_usuario','2018-10-02 20:34:39'),(941,34,'efetuou login',NULL,'tb_usuario','2018-10-02 20:36:43'),(942,34,'efetuou login',NULL,'tb_usuario','2018-10-02 20:37:44'),(943,34,'efetuou login',NULL,'tb_usuario','2018-10-02 20:40:08'),(944,34,'efetuou login',NULL,'tb_usuario','2018-10-02 20:41:49'),(945,34,'efetuou login',NULL,'tb_usuario','2018-10-02 20:42:27'),(946,34,'efetuou login',NULL,'tb_usuario','2018-10-02 20:51:48'),(947,34,'efetuou login',NULL,'tb_usuario','2018-10-02 20:52:31'),(948,34,'efetuou login',NULL,'tb_usuario','2018-10-02 20:53:06'),(949,34,'efetuou login',NULL,'tb_usuario','2018-10-02 20:53:54'),(950,34,'efetuou login',NULL,'tb_usuario','2018-10-02 20:54:28'),(951,34,'efetuou login',NULL,'tb_usuario','2018-10-02 20:57:31'),(952,34,'efetuou login',NULL,'tb_usuario','2018-10-02 20:57:52'),(953,34,'efetuou login',NULL,'tb_usuario','2018-10-02 20:59:48'),(954,34,'efetuou login',NULL,'tb_usuario','2018-10-02 21:01:57'),(955,34,'efetuou login',NULL,'tb_usuario','2018-10-02 21:05:02'),(956,34,'efetuou login',NULL,'tb_usuario','2018-10-02 21:05:55'),(957,34,'efetuou login',NULL,'tb_usuario','2018-10-02 21:05:59'),(958,34,'efetuou login',NULL,'tb_usuario','2018-10-02 21:06:25'),(959,34,'efetuou login',NULL,'tb_usuario','2018-10-02 21:06:42'),(960,34,'efetuou login',NULL,'tb_usuario','2018-10-02 21:07:17'),(961,34,'efetuou login',NULL,'tb_usuario','2018-10-02 21:07:26'),(962,34,'efetuou login',NULL,'tb_usuario','2018-10-02 21:08:08'),(963,34,'efetuou login',NULL,'tb_usuario','2018-10-02 21:08:21'),(964,34,'efetuou login',NULL,'tb_usuario','2018-10-02 21:09:19'),(965,34,'efetuou login',NULL,'tb_usuario','2018-10-03 12:11:43'),(966,75,'efetuou login',NULL,'tb_usuario','2018-10-03 20:06:15'),(967,75,'efetuou login',NULL,'tb_usuario','2018-10-04 13:43:16'),(968,34,'efetuou login',NULL,'tb_usuario','2018-10-04 20:18:27'),(969,34,'efetuou login',NULL,'tb_usuario','2018-10-05 12:15:42'),(970,75,'efetuou login',NULL,'tb_usuario','2018-10-05 13:50:52'),(971,75,'efetuou login',NULL,'tb_usuario','2018-10-05 14:51:16'),(972,75,'efetuou login',NULL,'tb_usuario','2018-10-05 18:17:12'),(973,34,'efetuou login',NULL,'tb_usuario','2018-10-05 19:51:35'),(974,34,'efetuou login',NULL,'tb_usuario','2018-10-08 13:12:05'),(975,34,'efetuou login',NULL,'tb_usuario','2018-10-08 14:49:13'),(976,75,'efetuou login',NULL,'tb_usuario','2018-10-08 14:52:51'),(977,75,'efetuou login',NULL,'tb_usuario','2018-10-08 14:52:58'),(978,29,'efetuou login',NULL,'tb_usuario','2018-10-08 14:53:18'),(979,75,'efetuou login',NULL,'tb_usuario','2018-10-08 14:53:27'),(980,75,'efetuou login',NULL,'tb_usuario','2018-10-08 14:53:55'),(981,75,'efetuou login',NULL,'tb_usuario','2018-10-08 14:55:09'),(982,75,'efetuou login',NULL,'tb_usuario','2018-10-08 14:55:29'),(983,34,'efetuou login',NULL,'tb_usuario','2018-10-08 15:00:01'),(984,29,'efetuou login',NULL,'tb_usuario','2018-10-08 17:00:02'),(985,29,'efetuou login',NULL,'tb_usuario','2018-10-08 17:00:06'),(986,34,'efetuou login',NULL,'tb_usuario','2018-10-08 17:01:09'),(987,34,'efetuou login',NULL,'tb_usuario','2018-10-08 17:01:13'),(988,34,'efetuou login',NULL,'tb_usuario','2018-10-08 18:11:33'),(989,34,'efetuou login',NULL,'tb_usuario','2018-10-08 18:12:59'),(990,75,'efetuou login',NULL,'tb_usuario','2018-10-08 18:16:04'),(991,29,'efetuou login',NULL,'tb_usuario','2018-10-10 13:47:20'),(992,75,'efetuou login',NULL,'tb_usuario','2018-10-16 19:34:08'),(993,75,'efetuou login',NULL,'tb_usuario','2018-10-19 16:58:12'),(994,75,'efetuou login',NULL,'tb_usuario','2018-10-22 14:08:20'),(995,75,'efetuou login',NULL,'tb_usuario','2018-10-22 17:22:07'),(996,75,'efetuou login',NULL,'tb_usuario','2018-10-22 19:29:02'),(997,75,'efetuou login',NULL,'tb_usuario','2018-10-23 16:22:51'),(998,75,'efetuou login',NULL,'tb_usuario','2018-10-23 17:05:11'),(999,75,'efetuou login',NULL,'tb_usuario','2018-10-23 17:10:12'),(1000,75,'efetuou login',NULL,'tb_usuario','2018-10-23 19:16:42'),(1001,75,'efetuou login',NULL,'tb_usuario','2018-10-25 13:47:55'),(1002,75,'efetuou login',NULL,'tb_usuario','2018-10-26 13:27:33'),(1003,34,'efetuou login',NULL,'tb_usuario','2018-10-26 17:28:37'),(1004,34,'efetuou login',NULL,'tb_usuario','2018-10-26 17:28:40'),(1005,75,'efetuou login',NULL,'tb_usuario','2018-10-29 14:03:51'),(1006,75,'efetuou login',NULL,'tb_usuario','2018-10-29 14:31:18'),(1007,75,'efetuou login',NULL,'tb_usuario','2018-10-29 14:59:01'),(1008,75,'efetuou login',NULL,'tb_usuario','2018-10-30 19:57:02'),(1009,75,'efetuou login',NULL,'tb_usuario','2018-10-31 13:28:16'),(1010,75,'efetuou login',NULL,'tb_usuario','2018-10-31 19:00:36'),(1011,75,'efetuou login',NULL,'tb_usuario','2018-11-01 13:24:13'),(1012,29,'efetuou login',NULL,'tb_usuario','2018-11-01 14:15:41'),(1013,73,'efetuou login',NULL,'tb_usuario','2018-11-01 14:16:15'),(1014,75,'efetuou login',NULL,'tb_usuario','2018-11-01 14:21:03'),(1015,75,'efetuou login',NULL,'tb_usuario','2018-11-01 16:13:30'),(1016,75,'efetuou login',NULL,'tb_usuario','2018-11-01 16:25:41'),(1017,29,'efetuou login',NULL,'tb_usuario','2018-11-01 16:28:58'),(1018,29,'efetuou login',NULL,'tb_usuario','2018-11-01 16:30:00'),(1019,29,'efetuou login',NULL,'tb_usuario','2018-11-01 16:30:45'),(1020,34,'efetuou login',NULL,'tb_usuario','2018-11-01 16:36:41'),(1021,34,'efetuou login',NULL,'tb_usuario','2018-11-01 16:37:17'),(1022,34,'efetuou login',NULL,'tb_usuario','2018-11-01 16:42:27'),(1023,34,'efetuou login',NULL,'tb_usuario','2018-11-01 16:43:46'),(1024,34,'efetuou login',NULL,'tb_usuario','2018-11-01 16:47:11'),(1025,34,'efetuou login',NULL,'tb_usuario','2018-11-01 16:47:41'),(1026,75,'efetuou login',NULL,'tb_usuario','2018-11-01 18:15:33'),(1027,75,'efetuou login',NULL,'tb_usuario','2018-11-01 18:48:18'),(1028,75,'efetuou login',NULL,'tb_usuario','2018-11-01 19:30:51'),(1029,75,'efetuou login',NULL,'tb_usuario','2018-11-05 12:37:30');
/*!40000 ALTER TABLE `tb_log` ENABLE KEYS */;
UNLOCK TABLES;

--
-- Table structure for table `tb_premio`
--

DROP TABLE IF EXISTS `tb_premio`;
/*!40101 SET @saved_cs_client     = @@character_set_client */;
/*!40101 SET character_set_client = utf8 */;
CREATE TABLE `tb_premio` (
  `cd_premio` int(11) NOT NULL AUTO_INCREMENT,
  `no_premio` varchar(255) NOT NULL,
  `nr_valor` int(11) NOT NULL,
  `ds_premio` text NOT NULL,
  `cd_categoria` int(11) NOT NULL,
  `cd_status` int(11) NOT NULL,
  `dt_cadastro` datetime NOT NULL DEFAULT CURRENT_TIMESTAMP,
  `dt_atualizacao` timestamp NOT NULL DEFAULT CURRENT_TIMESTAMP ON UPDATE CURRENT_TIMESTAMP,
  PRIMARY KEY (`cd_premio`),
  KEY `premio->status_idx` (`cd_status`),
  CONSTRAINT `premio->status` FOREIGN KEY (`cd_status`) REFERENCES `tb_status` (`cd_status`) ON DELETE NO ACTION ON UPDATE NO ACTION
) ENGINE=InnoDB DEFAULT CHARSET=latin1;
/*!40101 SET character_set_client = @saved_cs_client */;

--
-- Dumping data for table `tb_premio`
--

LOCK TABLES `tb_premio` WRITE;
/*!40000 ALTER TABLE `tb_premio` DISABLE KEYS */;
/*!40000 ALTER TABLE `tb_premio` ENABLE KEYS */;
UNLOCK TABLES;

--
-- Table structure for table `tb_status`
--

DROP TABLE IF EXISTS `tb_status`;
/*!40101 SET @saved_cs_client     = @@character_set_client */;
/*!40101 SET character_set_client = utf8 */;
CREATE TABLE `tb_status` (
  `cd_status` int(11) NOT NULL AUTO_INCREMENT,
  `no_status` varchar(15) NOT NULL,
  PRIMARY KEY (`cd_status`)
) ENGINE=InnoDB AUTO_INCREMENT=4 DEFAULT CHARSET=utf8;
/*!40101 SET character_set_client = @saved_cs_client */;

--
-- Dumping data for table `tb_status`
--

LOCK TABLES `tb_status` WRITE;
/*!40000 ALTER TABLE `tb_status` DISABLE KEYS */;
INSERT INTO `tb_status` VALUES (1,'Ativo'),(2,'Inativo'),(3,'Excluído');
/*!40000 ALTER TABLE `tb_status` ENABLE KEYS */;
UNLOCK TABLES;

--
-- Table structure for table `tb_tipo_usuario`
--

DROP TABLE IF EXISTS `tb_tipo_usuario`;
/*!40101 SET @saved_cs_client     = @@character_set_client */;
/*!40101 SET character_set_client = utf8 */;
CREATE TABLE `tb_tipo_usuario` (
  `cd_tipo_usuario` int(11) NOT NULL AUTO_INCREMENT,
  `no_tipo_usuario` varchar(45) NOT NULL,
  `cd_status` int(11) NOT NULL,
  `dt_cadastro` datetime NOT NULL DEFAULT CURRENT_TIMESTAMP,
  `dt_atualizacao` timestamp NOT NULL DEFAULT CURRENT_TIMESTAMP ON UPDATE CURRENT_TIMESTAMP,
  PRIMARY KEY (`cd_tipo_usuario`),
  KEY `TipoUsuario->Status_idx` (`cd_status`),
  CONSTRAINT `TipoUsuario->Status` FOREIGN KEY (`cd_status`) REFERENCES `tb_status` (`cd_status`) ON DELETE NO ACTION ON UPDATE NO ACTION
) ENGINE=InnoDB AUTO_INCREMENT=8 DEFAULT CHARSET=utf8;
/*!40101 SET character_set_client = @saved_cs_client */;

--
-- Dumping data for table `tb_tipo_usuario`
--

LOCK TABLES `tb_tipo_usuario` WRITE;
/*!40000 ALTER TABLE `tb_tipo_usuario` DISABLE KEYS */;
INSERT INTO `tb_tipo_usuario` VALUES (1,'Diretoria',1,'2018-10-01 10:43:23','2018-10-01 13:43:23'),(2,'Colaborador',1,'2018-10-01 10:43:23','2018-10-01 13:43:23'),(3,'Gestor',1,'2018-10-01 10:43:38','2018-10-01 13:43:38'),(5,'Admin',1,'2018-10-01 15:15:20','2018-10-01 18:15:20'),(6,'RH',1,'2018-10-02 09:52:44','2018-10-02 12:52:44'),(7,'Misfits',1,'2018-10-01 10:56:41','2018-10-02 13:29:02');
/*!40000 ALTER TABLE `tb_tipo_usuario` ENABLE KEYS */;
UNLOCK TABLES;

--
-- Table structure for table `tb_transferencia`
--

DROP TABLE IF EXISTS `tb_transferencia`;
/*!40101 SET @saved_cs_client     = @@character_set_client */;
/*!40101 SET character_set_client = utf8 */;
CREATE TABLE `tb_transferencia` (
  `cd_transferencia` int(11) NOT NULL AUTO_INCREMENT,
  `cd_usuario_pagante` int(11) NOT NULL,
  `cd_usuario_recebedor` int(11) NOT NULL,
  `nr_valor_transferencia` int(11) NOT NULL,
  `ds_motivo` text NOT NULL,
  `dt_cadastro` datetime NOT NULL DEFAULT CURRENT_TIMESTAMP,
  `dt_atualizacao` timestamp NOT NULL DEFAULT CURRENT_TIMESTAMP ON UPDATE CURRENT_TIMESTAMP,
  PRIMARY KEY (`cd_transferencia`)
) ENGINE=InnoDB DEFAULT CHARSET=utf8;
/*!40101 SET character_set_client = @saved_cs_client */;

--
-- Dumping data for table `tb_transferencia`
--

LOCK TABLES `tb_transferencia` WRITE;
/*!40000 ALTER TABLE `tb_transferencia` DISABLE KEYS */;
/*!40000 ALTER TABLE `tb_transferencia` ENABLE KEYS */;
UNLOCK TABLES;

--
-- Table structure for table `tb_unidade`
--

DROP TABLE IF EXISTS `tb_unidade`;
/*!40101 SET @saved_cs_client     = @@character_set_client */;
/*!40101 SET character_set_client = utf8 */;
CREATE TABLE `tb_unidade` (
  `cd_unidade` int(11) NOT NULL AUTO_INCREMENT,
  `no_unidade` varchar(50) NOT NULL,
  `cd_status` int(11) NOT NULL,
  `dt_cadastro` datetime NOT NULL DEFAULT CURRENT_TIMESTAMP,
  `dt_atualizacao` timestamp NOT NULL DEFAULT CURRENT_TIMESTAMP ON UPDATE CURRENT_TIMESTAMP,
  PRIMARY KEY (`cd_unidade`),
  KEY `Unidade->Status_idx` (`cd_status`),
  CONSTRAINT `Unidade->Status` FOREIGN KEY (`cd_status`) REFERENCES `tb_status` (`cd_status`) ON DELETE NO ACTION ON UPDATE NO ACTION
) ENGINE=InnoDB AUTO_INCREMENT=4 DEFAULT CHARSET=utf8;
/*!40101 SET character_set_client = @saved_cs_client */;

--
-- Dumping data for table `tb_unidade`
--

LOCK TABLES `tb_unidade` WRITE;
/*!40000 ALTER TABLE `tb_unidade` DISABLE KEYS */;
INSERT INTO `tb_unidade` VALUES (1,'Curitiba',1,'2018-10-01 10:45:17','2018-10-01 13:45:17'),(2,'São Paulo',1,'2018-10-03 09:45:23','2018-10-03 12:45:23'),(3,'Rio de Janeiro',1,'2019-01-22 11:32:20','2019-01-22 13:32:20');
/*!40000 ALTER TABLE `tb_unidade` ENABLE KEYS */;
UNLOCK TABLES;

--
-- Table structure for table `tb_usuario`
--

DROP TABLE IF EXISTS `tb_usuario`;
/*!40101 SET @saved_cs_client     = @@character_set_client */;
/*!40101 SET character_set_client = utf8 */;
CREATE TABLE `tb_usuario` (
  `cd_usuario` int(11) NOT NULL AUTO_INCREMENT,
  `no_usuario` varchar(255) NOT NULL,
  `ds_descricao` text,
  `no_email` varchar(255) NOT NULL,
  `no_email_md5` varchar(255) NOT NULL,
  `no_senha` text NOT NULL,
  `no_apelido` varchar(50) DEFAULT NULL,
  `no_foto_usuario` varchar(255) NOT NULL DEFAULT 'default.jpg',
  `nr_saldo` int(11) NOT NULL,
  `in_primeiro_acesso` tinyint(4) NOT NULL DEFAULT '1',
  `cd_area` int(11) NOT NULL,
  `cd_celula` int(11) NOT NULL,
  `cd_tipo_usuario` int(11) NOT NULL,
  `cd_status` int(11) NOT NULL,
  `cd_unidade` int(11) NOT NULL,
  `dt_cadastro` datetime NOT NULL DEFAULT CURRENT_TIMESTAMP,
  `dt_atualizacao` timestamp NOT NULL DEFAULT CURRENT_TIMESTAMP ON UPDATE CURRENT_TIMESTAMP,
  `dt_inicio` date DEFAULT NULL,
  `dt_nasc` date DEFAULT NULL,
  PRIMARY KEY (`cd_usuario`),
  KEY `Colaborador->Status_idx` (`cd_status`),
  KEY `Colaborador->Area_idx` (`cd_area`),
  KEY `Colaborador->Celula_idx` (`cd_celula`),
  KEY `Usuario->TipoUsuario_idx` (`cd_tipo_usuario`),
  KEY `Usuario->Unidade_idx` (`cd_unidade`),
  CONSTRAINT `Usuario->Area` FOREIGN KEY (`cd_area`) REFERENCES `tb_area` (`cd_area`) ON DELETE NO ACTION ON UPDATE NO ACTION,
  CONSTRAINT `Usuario->Celula` FOREIGN KEY (`cd_celula`) REFERENCES `tb_celula` (`cd_celula`) ON DELETE NO ACTION ON UPDATE NO ACTION,
  CONSTRAINT `Usuario->Status` FOREIGN KEY (`cd_status`) REFERENCES `tb_status` (`cd_status`) ON DELETE NO ACTION ON UPDATE NO ACTION,
  CONSTRAINT `Usuario->TipoUsuario` FOREIGN KEY (`cd_tipo_usuario`) REFERENCES `tb_tipo_usuario` (`cd_tipo_usuario`) ON DELETE NO ACTION ON UPDATE NO ACTION,
  CONSTRAINT `Usuario->Unidade` FOREIGN KEY (`cd_unidade`) REFERENCES `tb_unidade` (`cd_unidade`) ON DELETE NO ACTION ON UPDATE NO ACTION
) ENGINE=InnoDB AUTO_INCREMENT=144 DEFAULT CHARSET=utf8;
/*!40101 SET character_set_client = @saved_cs_client */;

--
-- Dumping data for table `tb_usuario`
--

LOCK TABLES `tb_usuario` WRITE;
/*!40000 ALTER TABLE `tb_usuario` DISABLE KEYS */;
INSERT INTO `tb_usuario` VALUES (1,'Adriano Nadalin',NULL,'adriano.nadalin@i-cherry.com.br','3ac5db04da1813fd7eb93e0619a6d721','827ccb0eea8a706c4c34a16891f84e7b',NULL,'default.jpg',20,1,100,1,1,1,1,'2019-01-23 11:05:22','2019-03-29 14:07:41','2010-04-01','1980-11-08'),(2,'Alan Abreu',NULL,'alan.abreu@i-cherry.com.br','f847b9b79cf186b958af82b8805aed7a','827ccb0eea8a706c4c34a16891f84e7b',NULL,'default.jpg',20,1,100,11,2,1,2,'2019-01-23 11:11:40','2019-03-22 13:22:38','2018-02-01','1989-04-05'),(3,'Alexandre Ruiz',NULL,'alexandre.ruiz@i-cherry.com.br','53552f479cda77a7effa61beddc68f4b','827ccb0eea8a706c4c34a16891f84e7b',NULL,'default.jpg',20,1,100,11,2,1,2,'2019-01-23 11:12:02','2019-03-22 13:22:38','2017-01-08','1988-09-07'),(4,'Aline Alves Carneiro',NULL,'aline.alves@i-cherry.com.br','4c06ac3b84db72da4a796ee0c52180a0','827ccb0eea8a706c4c34a16891f84e7b',NULL,'default.jpg',150,1,100,3,2,1,1,'2019-01-23 11:12:02','2019-03-22 13:33:14','2018-05-07','1994-09-26'),(5,'Aline Saft',NULL,'aline.saft@i-cherry.com.br','bcc409196d275db910dc9bd40cc77eea','827ccb0eea8a706c4c34a16891f84e7b',NULL,'default.jpg',20,1,100,10,2,1,1,'2019-01-23 11:12:02','2019-03-22 13:22:38','2018-11-21','1990-11-21'),(6,'Amanda Strano',NULL,'amanda.strano@i-cherry.com.br','23179a240db331ef9b2530e34a0c4036','827ccb0eea8a706c4c34a16891f84e7b',NULL,'default.jpg',20,1,100,13,2,1,1,'2019-01-23 11:12:02','2019-03-22 13:22:38','2018-10-22','1993-11-17'),(7,'Amauri Salvador De Lima',NULL,'amauri.lima@i-cherry.com.br','a262ecc70b150dbf09148ab35c291a8b','827ccb0eea8a706c4c34a16891f84e7b',NULL,'default.jpg',50,1,100,9,2,1,1,'2019-01-23 11:12:02','2019-03-22 13:32:45','2016-01-04','1991-01-26'),(8,'Ana Luiza Giglio Barreto','','ana.barreto@i-cherry.com.br','d731d034260da6d119e2a2860e2e44ab','8466a202df64ba5ba5ca7b707b8e4875',NULL,'default.jpg',50,0,100,2,5,1,1,'2019-01-23 11:12:02','2019-03-22 13:32:58','2017-01-23','1996-06-04'),(9,'Ana Quaresma',NULL,'ana.quaresma@i-cherry.com.br','1e0ca06d939b29405388a62673287e05','827ccb0eea8a706c4c34a16891f84e7b',NULL,'default.jpg',20,1,100,20,2,1,1,'2019-01-23 11:12:02','2019-03-22 13:22:38','2018-12-10','1999-08-12'),(10,'André Guilherme Tulio',NULL,'andre.tulio@i-cherry.com.br','507a168a6051f4cf10444a71413f0ec7','827ccb0eea8a706c4c34a16891f84e7b',NULL,'default.jpg',70,1,100,15,2,1,1,'2019-01-23 11:12:02','2019-03-22 13:32:29','2018-02-08','1991-05-16'),(11,'André Luis Gedeon De Melo',NULL,'andre.gedeon@i-cherry.com.br','542d8949c51d5e6ecb980d50fefd26c7','827ccb0eea8a706c4c34a16891f84e7b',NULL,'default.jpg',20,1,100,3,2,1,1,'2019-01-23 11:12:02','2019-03-22 13:22:38','2012-03-12','1985-05-29'),(12,'Angelo Vitor Prestes De Oliveira',NULL,'angelo.oliveira@i-cherry.com.br','ef328f63b4251330b569432667b2fba3','827ccb0eea8a706c4c34a16891f84e7b',NULL,'default.jpg',20,1,100,13,2,1,1,'2019-01-23 11:12:02','2019-03-22 13:22:38','2014-12-10','1989-07-03'),(13,'Anna Mendes',NULL,'anna.mendes@i-cherry.com.br','211d24de21a5abd458ba514015041e15','827ccb0eea8a706c4c34a16891f84e7b',NULL,'default.jpg',20,1,100,3,2,1,3,'2019-01-23 11:12:02','2019-03-22 13:22:38','2018-04-16','1991-06-21'),(14,'Arthur Costa',NULL,'arthur.costa@i-cherry.com.br','95630e0a2b4560b117e6a9857a37388d','827ccb0eea8a706c4c34a16891f84e7b',NULL,'default.jpg',130,1,100,15,2,1,1,'2019-01-23 11:12:03','2019-03-22 13:32:10','2017-04-17','1990-08-11'),(15,'Bernardo Tortato Furtado',NULL,'bernardo.furtado@i-cherry.com.br','e18eb6a09e98864610deff74ec78377e','827ccb0eea8a706c4c34a16891f84e7b',NULL,'default.jpg',20,1,100,12,2,1,1,'2019-01-23 11:12:03','2019-03-22 13:22:38','2017-05-02','1993-01-20'),(16,'Bruna Martins Dea',NULL,'bruna.dea@i-cherry.com.br','757318ce5dd0700e7b7b9c7d67a74647','827ccb0eea8a706c4c34a16891f84e7b',NULL,'default.jpg',110,1,100,13,2,1,1,'2019-01-23 11:12:03','2019-03-22 13:31:53','2015-04-13','1993-08-12'),(17,'Bruno Miers Machioni',NULL,'bruno.machioni@i-cherry.com.br','71d86f8f093c3319266fa1d3a5014349','827ccb0eea8a706c4c34a16891f84e7b',NULL,'default.jpg',20,1,100,3,2,1,1,'2019-01-23 11:12:03','2019-03-22 13:22:38','2018-07-23','1985-10-07'),(18,'Camila Belo',NULL,'camila.belo@i-cherry.com.br','152788005e378155974dcc5ec0317eb7','827ccb0eea8a706c4c34a16891f84e7b',NULL,'default.jpg',20,1,100,20,2,1,1,'2019-01-23 11:12:03','2019-03-22 13:22:38','2018-12-10','1995-03-29'),(19,'Camila Camilini',NULL,'camila.camilini@i-cherry.com.br','d9252edbab39dfbc53581e4f8fd4f418','827ccb0eea8a706c4c34a16891f84e7b',NULL,'default.jpg',20,1,100,3,2,1,1,'2019-01-23 11:12:03','2019-03-22 13:22:38','2018-12-10','1992-08-13'),(20,'Carla Daiane Juliao',NULL,'carla.juliao@i-cherry.com.br','b9f6cff195d4c4cde6b48ff5a92207ac','827ccb0eea8a706c4c34a16891f84e7b',NULL,'default.jpg',20,1,100,6,2,1,1,'2019-01-23 11:12:03','2019-03-22 13:22:38','2016-03-28','1988-11-23'),(21,'Carla Karolyne do Amaral',NULL,'carla.amaral@i-cherry.com.br','6fe64d5adacdaf28b222d3d64fed15f2','827ccb0eea8a706c4c34a16891f84e7b',NULL,'default.jpg',60,1,100,9,2,1,1,'2019-01-23 11:12:03','2019-03-22 13:31:35','2018-07-16','1994-02-18'),(22,'Carmen Aparecida Barbosa Farias ',NULL,'carmem.farias@i-cherry.com.br','3e0c2d25f6ca3a38f20794c611d0d376','827ccb0eea8a706c4c34a16891f84e7b',NULL,'default.jpg',50,1,100,15,2,1,1,'2019-01-23 11:12:03','2019-03-22 13:31:16','2018-05-21','1996-06-01'),(23,'Cecile Araujo',NULL,'cecile.dutra@mirumagency.com','d312ca631ff99828c66b51040968cdc6','827ccb0eea8a706c4c34a16891f84e7b',NULL,'default.jpg',20,1,100,2,2,1,1,'2019-01-23 11:12:03','2019-03-22 13:22:38','2018-06-04','1996-05-14'),(24,'Cesia Katherine da Rocha Valdiviezo',NULL,'cesia.valdiviezo@i-cherry.com.br','7e87a480cfa871fbb1c6eb2ecd985d18','827ccb0eea8a706c4c34a16891f84e7b',NULL,'default.jpg',20,1,100,15,2,1,1,'2019-01-23 11:12:03','2019-03-22 13:22:38','2018-08-20','1996-01-06'),(25,'Cristina Kochan',NULL,'cristina.kochan@mirumagency.com','10a94d8c8bf3c5e54278415d91c5a4a8','827ccb0eea8a706c4c34a16891f84e7b',NULL,'default.jpg',0,1,100,16,2,3,1,'2019-01-23 11:12:03','2019-03-21 14:43:33','2013-04-11','1982-02-12'),(26,'Daniel Takashi Okumura','Genésio','daniel.okumura@i-cherry.com.br','26cf7c065d71a426a3f13e944193973f','64dc376907d00daece8028928f5e14ab',NULL,'daniel-takashi-okumura-2019-03-29_11-19-17.jpeg',70,0,5,5,2,1,1,'2019-01-23 11:12:03','2019-03-29 14:19:34','2015-12-07','1985-08-27'),(27,'Danielle Kubota',NULL,'danielle.kubota@mirumagency.com','5244135a03cb5773f3556e09f421680f','827ccb0eea8a706c4c34a16891f84e7b',NULL,'default.jpg',20,1,100,15,2,1,1,'2019-01-23 11:12:03','2019-03-22 13:22:38','2018-09-03','1998-12-23'),(28,'Danilo Santos',NULL,'danilo.santos@i-cherry.com.br','4acfab4138145d698e5867f39bfb4baf','827ccb0eea8a706c4c34a16891f84e7b',NULL,'default.jpg',20,1,100,9,2,1,1,'2019-01-23 11:12:03','2019-03-22 13:22:38','2018-12-10','1992-08-01'),(29,'Dayane Souza',NULL,'dayane.souza@i-cherry.com.br','361864061ea3e9f510c4c14ab1e33848','827ccb0eea8a706c4c34a16891f84e7b',NULL,'default.jpg',140,1,100,10,2,1,1,'2019-01-23 11:12:03','2019-03-22 13:30:45','2017-04-17','1990-11-19'),(30,'Deyvid Colonelli Sanches',NULL,'deyvid.sanches@i-cherry.com.br','e2a4c2044db490383368ae581758bc6a','827ccb0eea8a706c4c34a16891f84e7b',NULL,'default.jpg',20,1,100,12,2,1,1,'2019-01-23 11:12:03','2019-03-22 13:22:38','2018-09-03','1997-10-21'),(31,'Diele Lictechen',NULL,'diele.lictechen@i-cherry.com.br','400c149ff57c346115f7401b4a6e74cc','827ccb0eea8a706c4c34a16891f84e7b',NULL,'default.jpg',20,1,100,3,2,1,1,'2019-01-23 11:12:03','2019-03-22 13:22:38','2018-10-22','0000-00-00'),(32,'Diogo Espejo',NULL,'diogo.espejo@i-cherry.com.br','3d38fb4f15df0a3dd7297a8ad1dc9788','827ccb0eea8a706c4c34a16891f84e7b',NULL,'default.jpg',50,1,100,15,2,1,1,'2019-01-23 11:12:03','2019-03-22 13:30:23','2018-05-21','1994-02-10'),(33,'Diogo Padilha',NULL,'diogo.padilha@i-cherry.com.br','ad69e9f7628a9dbbcff4bfebde443345','827ccb0eea8a706c4c34a16891f84e7b',NULL,'default.jpg',20,1,100,13,2,3,1,'2019-01-23 11:12:03','2019-03-22 13:30:00','2018-10-01','1993-06-28'),(34,'Diogo Salsa de Paula',NULL,'diogo.salsa@i-cherry.com.br','0d83fb9cffcdd409e0e8fc636e26f15a','827ccb0eea8a706c4c34a16891f84e7b',NULL,'default.jpg',20,1,100,15,2,1,1,'2019-01-23 11:12:03','2019-03-22 13:22:38','2017-11-22','1990-07-25'),(35,'Eduardo Augusto Oliveira Schorro',NULL,'eduardo.schorro@i-cherry.com.br','34e1dc6bf0ef4a933a7a2f4cea7d1ffb','827ccb0eea8a706c4c34a16891f84e7b',NULL,'default.jpg',20,1,100,10,2,1,1,'2019-01-23 11:12:03','2019-03-22 13:22:38','2018-08-27','1993-05-05'),(36,'Eduardo Ohashi','','eduardo.ohashi@i-cherry.com.br','b269f53934e38dea08e8e4660af2ba2e','18c97d1476cb7571925596b7f861344c',NULL,'eduardo-ohashi-2019-03-29_11-15-49.jpg',90,0,5,5,5,1,1,'2019-01-23 11:12:03','2019-03-29 16:55:36','2018-02-05','1994-08-21'),(37,'Eloisa Misturini',NULL,'eloisa.misturini@i-cherry.com.br','8315e29aab3acd52746fecb44bbec324','827ccb0eea8a706c4c34a16891f84e7b',NULL,'default.jpg',20,1,100,5,2,1,1,'2019-01-23 11:12:03','2019-03-22 13:22:38','2018-10-01','1991-08-13'),(38,'Elyara Cristina Rocha Buest',NULL,'elyara.buest@i-cherry.com.br','8019532651cd218ec95ce3227c66d9f4','827ccb0eea8a706c4c34a16891f84e7b',NULL,'default.jpg',20,1,100,10,2,1,1,'2019-01-23 11:12:03','2019-03-22 13:22:38','2018-06-25','1989-03-10'),(39,'Emanuele Zuchi',NULL,'emanuele.zuchi@i-cherry.com.br','63e8687b046365b76936a6cdeecc4cb7','827ccb0eea8a706c4c34a16891f84e7b',NULL,'default.jpg',20,1,100,3,2,1,1,'2019-01-23 11:12:03','2019-03-22 13:22:38','2018-10-01','1995-05-16'),(40,'Emiliane Batista Walter De Souza',NULL,'emiliane.walter@i-cherry.com.br','4e995c8df8692308c0e4fd09c943dc41','827ccb0eea8a706c4c34a16891f84e7b',NULL,'default.jpg',0,1,100,9,2,3,1,'2019-01-23 11:12:03','2019-03-21 14:43:33','2016-11-24','1993-05-14'),(41,'Estevão Galli',NULL,'estevao.galli@i-cherry.com.br','3dbbf0f8d0d41888bbb72e6eeecb2c04','827ccb0eea8a706c4c34a16891f84e7b',NULL,'default.jpg',20,1,100,12,2,1,1,'2019-01-23 11:12:03','2019-03-22 13:22:38','2017-09-18','1997-03-19'),(42,'Evellyn Santos',NULL,'evellyn.santos@i-cherry.com.br','1c3921994be469d8ddf5c19923d60ca0','827ccb0eea8a706c4c34a16891f84e7b',NULL,'default.jpg',20,1,100,10,2,1,1,'2019-01-23 11:12:03','2019-03-22 13:22:38','2018-05-14','1998-12-01'),(43,'Felipe Carvalho Nepomuceno',NULL,'felipe.nepomuceno@i-cherry.com.br','3f555569c5ab2fde92455d1d00f11c29','827ccb0eea8a706c4c34a16891f84e7b',NULL,'default.jpg',0,1,100,9,2,3,1,'2019-01-23 11:12:03','2019-03-21 14:43:33','2017-11-06','1985-06-27'),(44,'Felipe Mikos De Lara','','felipe.lara@i-cherry.com.br','0449b8fe47c41bcb092cdb20f8e18a39','827ccb0eea8a706c4c34a16891f84e7b',NULL,'felipe-mikos-de-lara-2019-03-29_14-34-14.gif',90,1,100,5,2,1,1,'2019-01-23 11:12:03','2019-03-29 17:34:14','2016-08-08','1991-07-17'),(45,'Felipe Paduano',NULL,'felipe.paduano@i-cherry.com.br','dfee2d7ea2300dfa747c76f16465e80a','d5191c53047b7417f8568c00e2d3e7a7',NULL,'default.jpg',20,0,5,5,5,1,1,'2019-01-23 11:12:03','2019-03-22 13:22:38','2018-11-19','1998-04-07'),(46,'Fernanda Pedroso',NULL,'fernanda.pedroso@mirumagency.com','be7809635f87bd6ba60ee6732d8c7110','827ccb0eea8a706c4c34a16891f84e7b',NULL,'default.jpg',20,1,100,21,2,1,1,'2019-01-23 11:12:03','2019-03-22 13:22:38','2010-03-08','1980-03-22'),(47,'Fernando Koga',NULL,'fernando.koga@i-cherry.com.br','a2aa53dbf175bdef85f2e1f6015b8194','827ccb0eea8a706c4c34a16891f84e7b',NULL,'default.jpg',20,1,100,3,2,1,1,'2019-01-23 11:12:03','2019-03-22 13:22:38','2017-03-02','1993-01-20'),(48,'Franciele Verri',NULL,'francielle.verri@mirumagency.com','5edb247d6d4be47a0ba4ce38fcf85d50','827ccb0eea8a706c4c34a16891f84e7b',NULL,'default.jpg',20,1,100,21,2,1,1,'2019-01-23 11:12:03','2019-03-22 13:22:38','2013-10-17','1989-04-28'),(49,'Francielli Nunes',NULL,'francielli.nunes@mirumagency.com','8c9ed08e3276a93d64271a37774be770','827ccb0eea8a706c4c34a16891f84e7b',NULL,'default.jpg',20,1,100,19,2,1,1,'2019-01-23 11:12:03','2019-03-22 13:22:38','2017-10-09','1984-02-05'),(50,'Francisco Ferreira',NULL,'francisco.ferreira@i-cherry.com.br','c645ddd0794f49f3931fe2af80e16bab','827ccb0eea8a706c4c34a16891f84e7b',NULL,'default.jpg',20,1,100,11,2,1,2,'2019-01-23 11:12:03','2019-03-22 13:22:38','2018-02-01','1986-02-11'),(51,'Frederico Kretzchmar',NULL,'frederico.kretzshmar@i-cherry.com.br','8f0af745e654b70944e7b8b8b7e9cf4b','827ccb0eea8a706c4c34a16891f84e7b',NULL,'default.jpg',20,1,100,22,2,1,1,'2019-01-23 11:12:03','2019-03-22 13:22:39','2018-10-01','1989-11-11'),(52,'Gabriel Bruning',NULL,'gabriel.bruning@i-cherry.com.br','5eac2a2c7e3a3c6e158fa19e6e60d038','827ccb0eea8a706c4c34a16891f84e7b',NULL,'default.jpg',20,1,100,9,2,1,1,'2019-01-23 11:12:03','2019-03-22 13:22:39','2018-05-07','1998-05-28'),(53,'Gabriel Campos',NULL,'gabriel.campos@i-cherry.com.br','ad560934b8734f3e841c3daa511bfe73','827ccb0eea8a706c4c34a16891f84e7b',NULL,'default.jpg',20,1,100,3,2,1,1,'2019-01-23 11:12:03','2019-03-22 13:22:39','2018-05-28','1999-02-02'),(54,'Gabriel Schmidt',NULL,'gabriel.schmidt@i-cherry.com.br','844c8df189097cd62bd3c374420726cd','827ccb0eea8a706c4c34a16891f84e7b',NULL,'default.jpg',20,1,100,18,2,1,1,'2019-01-23 11:12:03','2019-03-22 13:22:39','2018-12-03','1993-05-20'),(55,'Gawed Lexidor',NULL,'gawed.lexidor@i-cherry.com.br','c0b81f9d423a5f82e7e9e552b7045edc','827ccb0eea8a706c4c34a16891f84e7b',NULL,'default.jpg',20,1,100,100,2,1,1,'2019-01-23 11:12:03','2019-03-22 13:22:39','2018-12-10','0000-00-00'),(56,'Giovana Esmanhoto',NULL,'giovana.esmanhoto@i-cherry.com.br','ec06508d782cacf0f2689a491fa1ab25','827ccb0eea8a706c4c34a16891f84e7b',NULL,'default.jpg',20,1,100,21,2,1,1,'2019-01-23 11:12:03','2019-03-22 13:22:39','2018-03-12','1985-02-04'),(57,'Giovanna Leandro',NULL,'giovana.leandro@i-cherry.com.br','b0ac669675468f5249c1e90905f452ec','827ccb0eea8a706c4c34a16891f84e7b',NULL,'default.jpg',20,1,100,8,2,1,1,'2019-01-23 11:12:03','2019-03-22 13:22:39','2018-03-06','1999-02-08'),(58,'Guilherme Hecke Gusso',NULL,'guilherme.gusso@i-cherry.com.br','e26996e5b9df35fb58416e9f766f1d4c','827ccb0eea8a706c4c34a16891f84e7b',NULL,'default.jpg',20,1,100,17,2,1,1,'2019-01-23 11:12:03','2019-03-22 13:22:39','2016-06-18','1996-01-15'),(59,'Gustavo Gomez Rausell',NULL,'gustavo.gomez@i-cherry.com.br','be86980ad98038d6d1190501630d4be1','827ccb0eea8a706c4c34a16891f84e7b',NULL,'default.jpg',20,1,100,12,2,1,1,'2019-01-23 11:12:03','2019-03-22 13:22:39','2018-09-18','1992-01-20'),(60,'Gustavo Luiz de Souza Pereira',NULL,'gustavo.pereira@i-cherry.com.br','a5457e0b890a5b33bb7f19765a3d07b4','827ccb0eea8a706c4c34a16891f84e7b',NULL,'default.jpg',20,1,100,3,2,1,1,'2019-01-23 11:12:03','2019-03-22 13:22:39','2016-11-01','1993-04-29'),(61,'Haila Procopio',NULL,'haila.procopio@i-cherry.com.br','b2b7848c13b2ceb0bffdba7a2b9a7843','827ccb0eea8a706c4c34a16891f84e7b',NULL,'default.jpg',20,1,100,100,2,1,1,'2019-01-23 11:12:03','2019-03-22 13:22:39','2018-12-10','0000-00-00'),(62,'Helena Siqueira dos Santos',NULL,'helena.santos@i-cherry.com.br','331484b8ce6ebb1706493f5aa8f7609a','827ccb0eea8a706c4c34a16891f84e7b',NULL,'default.jpg',20,1,100,3,2,1,3,'2019-01-23 11:12:03','2019-03-22 13:22:39','2018-09-10','1994-04-06'),(63,'Isabella Hartog Lobo Colli',NULL,'isabella.colli@i-cherry.com.br','cb7466cb7ee183ca073c077f86e1f1d7','827ccb0eea8a706c4c34a16891f84e7b',NULL,'default.jpg',20,1,100,7,2,1,1,'2019-01-23 11:12:03','2019-03-22 13:22:39','2014-05-05','1991-04-18'),(64,'Ismenia Machado Dos Santos',NULL,'ismenia.santos@i-cherry.com.br','178dda1021ebe729c5d16b3a4d0e7a79','827ccb0eea8a706c4c34a16891f84e7b',NULL,'default.jpg',20,1,100,3,2,1,1,'2019-01-23 11:12:03','2019-03-22 13:22:39','2016-09-19','1987-10-06'),(65,'Iuri Camargo Borges de Oliveira',NULL,'iuri.borges@i-cherry.com.br','23280154caa1c180977c6c7c153ede64','827ccb0eea8a706c4c34a16891f84e7b',NULL,'default.jpg',20,1,100,12,2,1,2,'2019-01-23 11:12:03','2019-03-22 13:22:39','2018-07-10','1993-07-19'),(66,'Ivana Ribeiro Martins',NULL,'ivana.martins@i-cherry.com.br','d3f5eaa1eed2b233f1389b1dbea9e8a1','827ccb0eea8a706c4c34a16891f84e7b',NULL,'default.jpg',20,1,100,8,2,1,1,'2019-01-23 11:12:03','2019-03-22 13:22:39','2016-12-12','1990-07-12'),(67,'Jean Carlo De Melo',NULL,'jean.melo@i-cherry.com.br','48cb932409d21cf4ff7ff7ecb873f2e1','827ccb0eea8a706c4c34a16891f84e7b',NULL,'default.jpg',20,1,100,15,2,1,1,'2019-01-23 11:12:03','2019-03-22 13:22:39','2015-09-21','1994-06-14'),(68,'Jean Claude',NULL,'jean.claude@i-cherry.com.br','4924764cb570f132c7bb4a84343e377f','827ccb0eea8a706c4c34a16891f84e7b',NULL,'default.jpg',20,1,100,100,2,1,1,'2019-01-23 11:12:03','2019-03-22 13:22:39','2018-12-10','0000-00-00'),(69,'Jefferson Santos',NULL,'jefferson.santos@i-cherry.com.br','759903afa36b5c8ad68a3ca40b1c4e2d','827ccb0eea8a706c4c34a16891f84e7b',NULL,'default.jpg',20,1,100,13,2,1,1,'2019-01-23 11:12:03','2019-03-22 13:22:39','2018-10-08','1993-06-05'),(70,'Jessica Santos Souza',NULL,'jessica.santos@i-cherry.com.br','69d91bd57da718b83a03beadd618be14','827ccb0eea8a706c4c34a16891f84e7b',NULL,'default.jpg',20,1,100,12,2,1,2,'2019-01-23 11:12:03','2019-03-22 13:22:39','2018-04-10','1996-09-13'),(71,'Jessica Silva',NULL,'jessica.silva@i-cherry.com.br','faa1378d243bbc410c85177ba84573b1','827ccb0eea8a706c4c34a16891f84e7b',NULL,'default.jpg',20,1,100,100,2,1,1,'2019-01-23 11:12:03','2019-03-22 13:22:39','0000-00-00','0000-00-00'),(72,'João Pedro Oliveira',NULL,'joao.oliveira@i-cherry.com.br','a96cbc0d214c13cfe17382e0496f1147','827ccb0eea8a706c4c34a16891f84e7b',NULL,'default.jpg',100,1,100,9,2,1,1,'2019-01-23 11:12:03','2019-03-22 13:28:27','2016-07-25','1995-02-21'),(73,'João Piana',NULL,'joao.piana@i-cherry.com.br','c5c8bb484aa6e5ed5ce2482ee90b93a4','827ccb0eea8a706c4c34a16891f84e7b',NULL,'default.jpg',20,1,100,3,2,1,1,'2019-01-23 11:12:03','2019-03-22 13:22:39','2017-12-04','1994-09-16'),(74,'João Victor Remonatto',NULL,'joao.remonatto@i-cherry.com.br','75ab5267dd4db5087294ea70d8c30643','827ccb0eea8a706c4c34a16891f84e7b',NULL,'default.jpg',20,1,100,12,2,1,1,'2019-01-23 11:12:03','2019-03-22 13:22:39','2018-07-02','1998-09-14'),(75,'Jordana Alves Montalvao',NULL,'jordana.alves@i-cherry.com.br','1596f8e67600bbdc378136a9087671f8','827ccb0eea8a706c4c34a16891f84e7b',NULL,'default.jpg',20,1,100,12,2,1,1,'2019-01-23 11:12:03','2019-03-22 13:22:39','2017-06-26','1995-04-26'),(76,'Joyce Cristina Fonseca Pires',NULL,'joyce.pires@i-cherry.com.br','b17283fe9af69608faea53f3a23ee6cf','827ccb0eea8a706c4c34a16891f84e7b',NULL,'default.jpg',20,1,100,11,2,1,2,'2019-01-23 11:12:03','2019-03-22 13:22:39','2016-07-04','1992-08-11'),(77,'Julia Assis',NULL,'julia.assis@i-cherry.com.br','24111911b80937abab25748cc485ac28','827ccb0eea8a706c4c34a16891f84e7b',NULL,'default.jpg',70,1,100,3,2,1,1,'2019-01-23 11:12:03','2019-03-22 13:28:06','2017-09-20','1998-01-06'),(78,'Karina Souza',NULL,'karina.souza@i-cherry.com','1ab48de723d42f7ecb510c76206074a4','827ccb0eea8a706c4c34a16891f84e7b',NULL,'default.jpg',0,1,100,3,2,3,1,'2019-01-23 11:12:03','2019-03-21 14:43:33','2018-06-04','1993-06-23'),(79,'Kessi Mendes',NULL,'kessi.mendes@i-cherry.com.br','bf9c990b99abb171ab88e7b81ee95eb3','827ccb0eea8a706c4c34a16891f84e7b',NULL,'default.jpg',140,1,100,13,2,1,1,'2019-01-23 11:12:03','2019-03-22 13:27:44','2017-10-02','1988-08-21'),(80,'Kimberly Suzan Tavares',NULL,'kimberly.tavares@i-cherry.com.br','d3f9d59671b2bcc672b44baa69a6eab3','827ccb0eea8a706c4c34a16891f84e7b',NULL,'default.jpg',20,1,100,3,2,1,1,'2019-01-23 11:12:03','2019-03-22 13:22:39','2014-12-01','1995-04-08'),(81,'Kyevi Gentil',NULL,'kyevi.ramon@mirumagency.com','11d30363eb037c1fdf5c859deb2ce3c3','827ccb0eea8a706c4c34a16891f84e7b',NULL,'default.jpg',20,1,100,16,2,1,1,'2019-01-23 11:12:03','2019-03-22 13:22:39','2017-04-03','1992-01-22'),(82,'Laila de Sol e Silva',NULL,'laila.silva@i-cherry.com.br','4f90ad17666b988c01996f1555bb4eca','827ccb0eea8a706c4c34a16891f84e7b',NULL,'default.jpg',20,1,100,8,2,1,1,'2019-01-23 11:12:03','2019-03-22 13:22:39','2018-07-16','1985-04-08'),(83,'Larissa Bandeira',NULL,'larissa.bandeira@i-cherry.com.br','e7699afebecaa0004f620f3b9af00a7b','827ccb0eea8a706c4c34a16891f84e7b',NULL,'default.jpg',20,1,100,3,2,1,1,'2019-01-23 11:12:03','2019-03-22 13:22:39','2018-06-04','1999-10-25'),(84,'Larissa Cavalcante',NULL,'larissa.cavalcante@i-cherry.com.br','2ae63ccd721964ecfd0102849f2d8fb1','827ccb0eea8a706c4c34a16891f84e7b',NULL,'default.jpg',20,1,100,15,2,1,1,'2019-01-23 11:12:03','2019-03-22 13:22:39','2017-03-02','1994-05-28'),(85,'Leandro Humaita',NULL,'leandro.humaita@i-cherry.com.br','f4c23777c5b6ee5434be033aa83cebff','01cfcd4f6b8770febfb40cb906715822',NULL,'default.jpg',20,0,4,3,2,1,1,'2019-01-23 11:12:03','2019-03-22 13:22:39','2018-05-07','1996-12-18'),(86,'Letícia K. Lutt','','leticia.lutt@i-cherry.com.br','d4fa00fd3a7e7ce7ab70b84555add02e','c21fae4c54b67c13e8f68f70e4b4bb70',NULL,'default.jpg',60,0,5,5,5,1,1,'2019-01-23 11:12:03','2019-03-22 13:27:22','2017-09-18','1997-03-31'),(87,'Lilyan Ramos',NULL,'lilyan.ramos@i-cherry.com.br','b05d757d6097e174367aa2c2a3ce40d3','827ccb0eea8a706c4c34a16891f84e7b',NULL,'default.jpg',20,1,100,3,2,1,1,'2019-01-23 11:12:03','2019-03-22 13:22:39','2017-05-24','1994-03-17'),(88,'Lincoln Briniak',NULL,'lincoln.briniak@i-cherry.com.br','6cf911cab91f09e323fd313505263ec2','827ccb0eea8a706c4c34a16891f84e7b',NULL,'default.jpg',20,1,100,15,2,1,1,'2019-01-23 11:12:03','2019-03-22 13:22:39','2015-05-21','1993-05-27'),(89,'Livia Loos',NULL,'livia.loos@i-cherry.com.br','c10e1c88df5c4dc930d8cf3313757f02','827ccb0eea8a706c4c34a16891f84e7b',NULL,'default.jpg',140,1,100,10,2,1,1,'2019-01-23 11:12:03','2019-03-22 13:26:56','2017-06-12','1992-10-15'),(90,'Luis Henrique Ancay Pinheiro',NULL,'luis.pinheiro@i-cherry.com.br','e4a8cedf2c104b14d366298434170a4d','827ccb0eea8a706c4c34a16891f84e7b',NULL,'default.jpg',20,1,100,12,2,1,1,'2019-01-23 11:12:03','2019-03-22 13:22:39','2013-03-19','1990-03-11'),(91,'Luis Henrique Godoy Bonaldo',NULL,'luis.bonaldo@i-cherry.com.br','7ff5732519cf4ba321e91a0f010c98f5','827ccb0eea8a706c4c34a16891f84e7b',NULL,'default.jpg',20,1,100,15,2,1,1,'2019-01-23 11:12:03','2019-03-22 13:22:39','2018-08-06','1993-03-30'),(92,'Luiz Eduardo Oliveira',NULL,'luiz.oliveira@i-cherry.com.br','870872387b961c6a1cde335abf406b1f','827ccb0eea8a706c4c34a16891f84e7b',NULL,'default.jpg',20,1,100,5,2,1,1,'2019-01-23 11:12:03','2019-03-22 13:22:39','2017-06-05','1994-12-20'),(93,'Luiz Guilherme Mendes',NULL,'luiz.mendes@i-Cherry.com.br','48e1d2013118e34023c41363e34793f1','827ccb0eea8a706c4c34a16891f84e7b',NULL,'default.jpg',20,1,100,11,2,1,2,'2019-01-23 11:12:03','2019-03-22 13:22:39','2018-03-05','1998-08-27'),(94,'Luiz Guilherme Nery',NULL,'luiz.guilherme@i-cherry.com.br','a2f91de3d8c5183b91eef8331a2111e0','827ccb0eea8a706c4c34a16891f84e7b',NULL,'default.jpg',0,1,100,13,2,3,1,'2019-01-23 11:12:03','2019-03-21 14:43:33','2017-12-01','1988-09-02'),(95,'Maise Renata Machado',NULL,'maise.machado@i-cherry.com.br','c4c59b55ea3ef147b558f1b66313c7a2','827ccb0eea8a706c4c34a16891f84e7b',NULL,'default.jpg',20,1,100,13,2,1,1,'2019-01-23 11:12:03','2019-03-22 13:22:39','2018-10-01','1995-12-23'),(96,'Marcel Gomes',NULL,'marcel.gomes@i-cherry.com.br','0fe2d374d6e13a08445faabd459d7921','827ccb0eea8a706c4c34a16891f84e7b',NULL,'default.jpg',20,1,100,10,2,1,1,'2019-01-23 11:12:03','2019-03-22 13:22:39','2018-07-16','1990-09-06'),(97,'Marcelo Aveiro',NULL,'marcelo.aveiro@i-cherry.com.br','7a683dfe269147ddbacb45c7530aa513','827ccb0eea8a706c4c34a16891f84e7b',NULL,'default.jpg',20,1,100,12,2,1,1,'2019-01-23 11:12:03','2019-03-22 13:22:39','2018-03-01','1983-04-05'),(98,'Marcelo Garbin',NULL,'marcelo.garbin@mirumagency.com','2c0f26cb00afe1967d0e9cd165c46693','827ccb0eea8a706c4c34a16891f84e7b',NULL,'default.jpg',0,1,100,1,2,3,2,'2019-01-23 11:12:04','2019-03-21 14:43:33','2012-11-12','1967-11-13'),(99,'Maria Doralice De Oliveira',NULL,'maria.oliveira@i-cherry.com.br','30e0589e356a2c65aeb00b452e3f7741','827ccb0eea8a706c4c34a16891f84e7b',NULL,'default.jpg',20,1,100,1,1,1,1,'2019-01-23 11:12:04','2019-03-29 14:00:38','2011-05-09','1983-03-10'),(100,'Matheus Bayer Amorim',NULL,'matheus.amorim@mirumagency.com','0a02f68c3d83762e94f32af31f5aa66b','827ccb0eea8a706c4c34a16891f84e7b',NULL,'default.jpg',20,1,100,16,2,1,1,'2019-01-23 11:12:04','2019-03-22 13:22:39','2013-05-19','1994-09-14'),(101,'Matheus Nunes',NULL,'matheus.nunes@i-cherry.com.br','aeafa87beda7384395cf4adb4c08eb43','827ccb0eea8a706c4c34a16891f84e7b',NULL,'default.jpg',20,1,100,5,2,1,1,'2019-01-23 11:12:04','2019-03-22 13:22:39','2018-02-05','1995-10-10'),(102,'Matheus Oliveira',NULL,'matheus.oliveira@i-cherry.com.br','c74d4ef6185d5345958f281ae908dbd1','827ccb0eea8a706c4c34a16891f84e7b',NULL,'default.jpg',20,1,100,20,2,1,1,'2019-01-23 11:12:04','2019-03-22 13:22:39','2018-12-10','1997-01-14'),(103,'Matheus Teixeira',NULL,'matheus.teixeira@i-cherry.com.br','b3030c9346decb2e961c7882d17417b6','827ccb0eea8a706c4c34a16891f84e7b',NULL,'default.jpg',20,1,100,15,2,1,1,'2019-01-23 11:12:04','2019-03-22 13:22:39','2017-05-28','1999-02-23'),(104,'Matheus Vaz','','matheus.vaz@i-cherry.com.br','7e947f4ebc68a28e264202ed9d15fea3','d8f57531965dce60c8263b318caab267',NULL,'matheus-vaz-2019-03-29_11-35-37.png',20,0,5,5,5,1,1,'2019-01-23 11:12:04','2019-03-29 14:35:37','2017-10-23','1998-03-08'),(105,'Mayara Carvalho Gonçalves Clebsch',NULL,'mayara.clebsch@i-cherry.com.br','472c8e3f6e24e172adf3adbb6def609e','827ccb0eea8a706c4c34a16891f84e7b',NULL,'default.jpg',20,1,100,12,2,1,1,'2019-01-23 11:12:04','2019-03-22 13:22:39','2018-08-01','1990-04-26'),(106,'Mellina Azevedo De Amorim',NULL,'mellina.azevedo@i-cherry.com.br','ef00b0adbda9cc70f97b4ebbde63680b','827ccb0eea8a706c4c34a16891f84e7b',NULL,'default.jpg',20,1,100,7,2,1,1,'2019-01-23 11:12:04','2019-03-22 13:22:39','2014-06-09','1990-09-11'),(107,'Miller Vale',NULL,'miller.vale@i-cherry.com.br','3134504bb8a367fd46666adfe314a443','827ccb0eea8a706c4c34a16891f84e7b',NULL,'default.jpg',20,1,100,20,2,1,1,'2019-01-23 11:12:04','2019-03-22 13:22:39','2018-12-10','1990-11-17'),(108,'Nadia Karyne De Sousa',NULL,'nadia.sousa@i-cherry.com.br','90fc2c3bcb7ab3170983bc8513b92393','827ccb0eea8a706c4c34a16891f84e7b',NULL,'default.jpg',20,1,100,6,2,1,1,'2019-01-23 11:12:04','2019-03-22 13:22:39','2012-01-16','1980-03-21'),(109,'Naraiane Fronza',NULL,'naraiane.fronza@i-cherry.com.br','110534b2c1e44357c1f6113387b13529','827ccb0eea8a706c4c34a16891f84e7b',NULL,'default.jpg',20,1,100,12,2,1,1,'2019-01-23 11:12:04','2019-03-22 13:22:39','2017-12-11','1994-08-06'),(110,'Natalia Komatsu',NULL,'natalia.komatsu@i-cherry.com.br','06e40c88a5c40e9b03c8f42b0829ea39','827ccb0eea8a706c4c34a16891f84e7b',NULL,'default.jpg',0,1,100,12,2,3,1,'2019-01-23 11:12:04','2019-03-21 14:43:33','2015-01-19','1989-12-25'),(111,'Nicolas Fernandes',NULL,'nicolas.fernandes@i-cherry.com.br','97a28256b8d97516e7ef7d73a72e8514','827ccb0eea8a706c4c34a16891f84e7b',NULL,'default.jpg',20,1,100,100,2,1,1,'2019-01-23 11:12:04','2019-03-22 13:22:39','0000-00-00','0000-00-00'),(112,'Pamela Lima Temoteo',NULL,'pamela.temoteo@i-cherry.com.br','82b4f6f981e9152e625d722a6d75fadb','827ccb0eea8a706c4c34a16891f84e7b',NULL,'default.jpg',50,1,100,13,2,1,1,'2019-01-23 11:12:04','2019-03-22 13:25:33','2016-08-31','1998-02-01'),(113,'Patricia Pires Da Silva',NULL,'patricia.silva@i-cherry.com.br','71180fbc2118590933fc6d1f169e7bc1','827ccb0eea8a706c4c34a16891f84e7b',NULL,'default.jpg',90,1,100,12,2,1,1,'2019-01-23 11:12:04','2019-03-22 13:25:10','2015-02-09','1980-05-04'),(114,'Poliana Veneziano Klisiewcz',NULL,'poliana.veneziano@i-cherry.com.br','8a63c1441fd037ccfefb4d13fbe33de4','827ccb0eea8a706c4c34a16891f84e7b',NULL,'default.jpg',20,1,100,9,2,1,1,'2019-01-23 11:12:04','2019-03-22 13:22:39','2011-09-15','1991-04-11'),(115,'Priscilla Alberti Ximenes',NULL,'priscilla.ximenes@i-cherry.com.br','c141b37a8c255297bdfca6b5e988c476','827ccb0eea8a706c4c34a16891f84e7b',NULL,'default.jpg',20,1,100,13,2,1,1,'2019-01-23 11:12:04','2019-03-22 13:22:39','2018-09-03','1992-03-14'),(116,'Priscilla Ribeiro',NULL,'priscilla.ribeiro@i-cherry.com.br','5ded2b103a913fb5a8087ea6a2cbd191','827ccb0eea8a706c4c34a16891f84e7b',NULL,'default.jpg',20,1,100,3,2,1,3,'2019-01-23 11:12:04','2019-03-22 13:22:39','2018-10-01','1992-03-18'),(117,'Rafaela de Lima Ribeiro',NULL,'rafaela.ribeiro@i-cherry.com.br','67d2cf494d378e575bf288479fa64ba8','827ccb0eea8a706c4c34a16891f84e7b',NULL,'default.jpg',20,1,100,8,2,1,1,'2019-01-23 11:12:04','2019-03-22 13:22:39','2018-09-10','1990-04-07'),(118,'Rafaella Oliveira',NULL,'rafaella.oliveira@i-cherry.com.br','0e33ab6108da8f386b7658742202a6bc','827ccb0eea8a706c4c34a16891f84e7b',NULL,'default.jpg',20,1,100,3,2,1,1,'2019-01-23 11:12:04','2019-03-22 13:22:39','2018-11-12','1996-08-23'),(119,'Raiane Amarante',NULL,'raiane.amarante@i-cherry.com.br','ce6d320851d085e74c6de30d6e4a03d4','827ccb0eea8a706c4c34a16891f84e7b',NULL,'default.jpg',20,1,100,3,2,1,1,'2019-01-23 11:12:04','2019-03-22 13:22:39','2017-05-08','1992-08-01'),(120,'Raulph Moraes',NULL,'raulph.moraes@i-cherry.com.br','65c476c19529b6e56f061a0462c0abe8','827ccb0eea8a706c4c34a16891f84e7b',NULL,'default.jpg',20,1,100,100,2,1,1,'2019-01-23 11:12:04','2019-03-22 13:22:39','2018-12-10','0000-00-00'),(121,'Rayanne Pereira Batista',NULL,'rayanne.batista@i-cherry.com.br','0b61c5f6e8d1d96b873a38348403e465','827ccb0eea8a706c4c34a16891f84e7b',NULL,'default.jpg',0,1,100,15,2,3,1,'2019-01-23 11:12:04','2019-03-21 14:43:33','2017-08-21','1995-05-26'),(122,'Rayssa Moraes',NULL,'rayssa.moraes@i-cherry.com.br','42ef969afd6d8a3fde2cc39f71b8d2c8','827ccb0eea8a706c4c34a16891f84e7b',NULL,'default.jpg',0,1,100,12,2,3,1,'2019-01-23 11:12:04','2019-03-21 14:43:33','2018-07-23','1994-09-19'),(123,'Renata Dutra',NULL,'renata.dutra@i-cherry.com.br','89c544fddfee3b45383da374358daa7b','827ccb0eea8a706c4c34a16891f84e7b',NULL,'default.jpg',20,1,100,7,2,1,1,'2019-01-23 11:12:04','2019-03-22 13:22:39','2017-09-18','1989-02-28'),(124,'Rodolfo Assis',NULL,'rodolfo.assis@i-cherry.com.br','cdd8431626b176048913b9b4ea868280','827ccb0eea8a706c4c34a16891f84e7b',NULL,'default.jpg',20,1,100,11,2,1,2,'2019-01-23 11:12:04','2019-03-22 13:22:39','2018-04-16','1990-02-17'),(125,'Rossana Pikussa',NULL,'rossana.pikussa@i-cherry.com.br','72e5aee16668c10525bbebe6addda72d','827ccb0eea8a706c4c34a16891f84e7b',NULL,'default.jpg',80,1,100,13,2,1,1,'2019-01-23 11:12:04','2019-03-22 13:24:39','2015-01-19','1980-02-08'),(126,'Ruan Barbosa',NULL,'ruan.barbosa@i-cherry.com.br','c6c58bc25b14da172331123fe867e890','827ccb0eea8a706c4c34a16891f84e7b',NULL,'default.jpg',0,1,100,15,2,3,1,'2019-01-23 11:12:04','2019-03-21 14:43:33','2017-06-19','1989-01-12'),(127,'Rudá Oliveira',NULL,'ruda.oliveira@i-cherry.com.br','fc51c013f350caa0d6e1b7d26a6930fb','827ccb0eea8a706c4c34a16891f84e7b',NULL,'default.jpg',20,1,100,11,2,1,1,'2019-01-23 11:12:04','2019-03-22 13:22:39','2018-02-04','1993-08-18'),(128,'Tatiana Germuzesque',NULL,'tatiana.pleger@i-cherry.com.br','1d4e565bf7f1d4696982b50dc49b0948','827ccb0eea8a706c4c34a16891f84e7b',NULL,'default.jpg',20,1,100,3,2,1,1,'2019-01-23 11:12:04','2019-03-22 13:22:39','2018-02-01','1987-12-28'),(129,'Tatiane de Lucena',NULL,'tatiane.lucena@i-cherry.com.br','9eab85f2c4106a9b58d0b7497fe796a8','827ccb0eea8a706c4c34a16891f84e7b',NULL,'default.jpg',20,1,100,11,2,1,2,'2019-01-23 11:12:04','2019-03-22 13:22:39','2018-05-07','1986-06-27'),(130,'Thaisa Tavares',NULL,'thaisa.tavares@mirumagency.com','75e781d798449ca0b9bc19e821c03362','827ccb0eea8a706c4c34a16891f84e7b',NULL,'default.jpg',20,1,100,6,2,1,1,'2019-01-23 11:12:04','2019-03-22 13:22:39','2018-01-22','1993-10-06'),(131,'Thiago Gabriel Borges',NULL,'thiago.borges@i-cherry.com.br','691947c9ea0dcc2e28e9000f35dc51b0','827ccb0eea8a706c4c34a16891f84e7b',NULL,'default.jpg',20,1,100,7,2,1,1,'2019-01-23 11:12:04','2019-03-22 13:22:39','2016-11-01','1989-01-17'),(132,'Tiago Novaes Moreira',NULL,'tiago.novaes@i-cherry.com.br','bd74f54351bef3ebbbef422e3da8c2fd','827ccb0eea8a706c4c34a16891f84e7b',NULL,'default.jpg',0,1,100,15,2,3,1,'2019-01-23 11:12:04','2019-03-21 14:43:33','2013-09-23','1984-08-03'),(133,'Vicente Gomide',NULL,'vicente.gomide@mirumagency.com','b09747507dc8ea1ffd1c6d929a35a462','827ccb0eea8a706c4c34a16891f84e7b',NULL,'default.jpg',0,1,100,16,2,3,1,'2019-01-23 11:12:04','2019-03-21 14:43:33','2011-01-02','1978-06-10'),(134,'Victor Oliveira Freitas',NULL,'victor.freitas@i-cherry.com.br','6f5a0201d0896f5e22b815ef849aec34','827ccb0eea8a706c4c34a16891f84e7b',NULL,'default.jpg',0,1,100,9,2,3,1,'2019-01-23 11:12:04','2019-03-21 14:43:33','2017-06-05','1995-12-13'),(135,'Victoria Bolzzoni',NULL,'victoria.bolzzoni@i-cherry.com.br','03fe0886c03aba0796635534130e744a','827ccb0eea8a706c4c34a16891f84e7b',NULL,'default.jpg',20,1,100,13,2,1,1,'2019-01-23 11:12:04','2019-03-22 13:22:39','2018-05-28','1998-07-22'),(136,'Victoria Costa',NULL,'victoria.costa@mirumagency.com','72f01e4c6196c0d7a02749dfab40e6da','827ccb0eea8a706c4c34a16891f84e7b',NULL,'default.jpg',0,1,100,21,2,3,1,'2019-01-23 11:12:04','2019-03-21 14:43:33','2018-03-19','1998-04-02'),(137,'Vinícius Augusto de Araújo Frigotto',NULL,'vinicius.frigotto@i-cherry.com.br','b0b4d79c9ec0b03f5fa6f4ab3b18a077','827ccb0eea8a706c4c34a16891f84e7b',NULL,'default.jpg',20,1,100,12,2,1,1,'2019-01-23 11:12:04','2019-03-22 13:22:39','2018-05-21','1994-05-06'),(138,'Vinicius Cazalli Maranhao',NULL,'vinicius.maranhao@i-cherry.com.br','3487ffe78ba0972b154340b467c59c8d','827ccb0eea8a706c4c34a16891f84e7b',NULL,'default.jpg',20,1,100,8,2,1,1,'2019-01-23 11:12:04','2019-03-22 13:22:39','2016-10-17','1990-07-19'),(139,'Vinicius Nunes Da Silva',NULL,'vinicius.nunes@i-cherry.com.br','b71d9f61121f0f93081019b29cb99c9f','827ccb0eea8a706c4c34a16891f84e7b',NULL,'default.jpg',20,1,100,1,2,1,1,'2019-01-23 11:12:04','2019-03-22 13:22:39','2011-12-19','1988-07-20'),(140,'Willie Taminato',NULL,'willie.taminato@i-cherry.com.br','394b195647dfd4978180e7cc09706566','b05a7696367503fa4df37a9bd447a83f',NULL,'default.jpg',20,0,100,100,1,1,1,'2019-01-23 11:12:04','2019-03-29 13:35:31','2012-01-18','1980-07-13'),(141,'Willy Silva Dantas',NULL,'willy.dantas@i-cherry.com.br','9efb00b79fe1d079279eb9b7d932c498','c21fae4c54b67c13e8f68f70e4b4bb70',NULL,'default.jpg',20,1,100,5,2,1,1,'2019-01-23 11:12:04','2019-03-22 13:22:39','2019-03-05','2019-03-06'),(142,'SQWSQ WSQWS','','fwfwef@i-cherry.com.br','5fda7af4b898cf8f835ba785317f4f87','827ccb0eea8a706c4c34a16891f84e7b',NULL,'default.jpg',0,1,3,9,1,3,3,'2019-03-11 14:00:22','2019-03-21 14:43:33','2019-03-05','2019-03-07'),(143,'teste','','teste@i-cherry.com.br','cb0ccf2d435e1a162abb21389f144fad','827ccb0eea8a706c4c34a16891f84e7b',NULL,'default.jpg',0,1,100,9,2,3,3,'2019-03-12 13:45:20','2019-03-21 14:43:33','2019-03-13','2019-03-13');
/*!40000 ALTER TABLE `tb_usuario` ENABLE KEYS */;
UNLOCK TABLES;

--
-- Table structure for table `tb_usuario_life_skill`
--

DROP TABLE IF EXISTS `tb_usuario_life_skill`;
/*!40101 SET @saved_cs_client     = @@character_set_client */;
/*!40101 SET character_set_client = utf8 */;
CREATE TABLE `tb_usuario_life_skill` (
  `cd_usuario_life_skill` int(11) NOT NULL AUTO_INCREMENT,
  `cd_usuario` int(11) NOT NULL,
  `cd_life_skill` int(11) NOT NULL,
  `dt_cadastro` timestamp NOT NULL DEFAULT CURRENT_TIMESTAMP ON UPDATE CURRENT_TIMESTAMP,
  PRIMARY KEY (`cd_usuario_life_skill`),
  KEY `UsuarioLS->LifeSkill_idx` (`cd_life_skill`),
  KEY `UsuarioLS->Usuario_idx` (`cd_usuario`),
  CONSTRAINT `UsuarioLS->LifeSkill` FOREIGN KEY (`cd_life_skill`) REFERENCES `tb_life_skill` (`cd_life_skill`) ON DELETE NO ACTION ON UPDATE NO ACTION,
  CONSTRAINT `UsuarioLS->Usuario` FOREIGN KEY (`cd_usuario`) REFERENCES `tb_usuario` (`cd_usuario`) ON DELETE NO ACTION ON UPDATE NO ACTION
) ENGINE=InnoDB DEFAULT CHARSET=utf8;
/*!40101 SET character_set_client = @saved_cs_client */;

--
-- Dumping data for table `tb_usuario_life_skill`
--

LOCK TABLES `tb_usuario_life_skill` WRITE;
/*!40000 ALTER TABLE `tb_usuario_life_skill` DISABLE KEYS */;
/*!40000 ALTER TABLE `tb_usuario_life_skill` ENABLE KEYS */;
UNLOCK TABLES;

--
-- Table structure for table `tb_usuario_transacao`
--

DROP TABLE IF EXISTS `tb_usuario_transacao`;
/*!40101 SET @saved_cs_client     = @@character_set_client */;
/*!40101 SET character_set_client = utf8 */;
CREATE TABLE `tb_usuario_transacao` (
  `cd_usuario_transacao` int(11) NOT NULL AUTO_INCREMENT,
  `cd_usuario` int(11) NOT NULL,
  `cd_premio` int(11) DEFAULT NULL,
  `cd_recebedor` int(11) DEFAULT NULL,
  `ds_motivo` varchar(255) DEFAULT NULL,
  `cd_tipo_transacao` int(11) NOT NULL,
  `nr_valor` int(11) NOT NULL,
  `dt_cadastro` timestamp NOT NULL DEFAULT CURRENT_TIMESTAMP ON UPDATE CURRENT_TIMESTAMP,
  PRIMARY KEY (`cd_usuario_transacao`),
  KEY `UsuarioTran->Usuario` (`cd_usuario`),
  KEY `UsuarioTran->Premio` (`cd_premio`),
  KEY `UsuarioTran->Usuario_idx` (`cd_recebedor`),
  CONSTRAINT `UsuarioTran->Premio` FOREIGN KEY (`cd_premio`) REFERENCES `tb_premio` (`cd_premio`) ON DELETE NO ACTION ON UPDATE NO ACTION,
  CONSTRAINT `UsuarioTran->Usuario` FOREIGN KEY (`cd_usuario`) REFERENCES `tb_usuario` (`cd_usuario`) ON DELETE NO ACTION ON UPDATE NO ACTION,
  CONSTRAINT `UsuarioTranRec->Usuario` FOREIGN KEY (`cd_recebedor`) REFERENCES `tb_usuario` (`cd_usuario`) ON DELETE NO ACTION ON UPDATE NO ACTION
) ENGINE=InnoDB AUTO_INCREMENT=8 DEFAULT CHARSET=utf8;
/*!40101 SET character_set_client = @saved_cs_client */;

--
-- Dumping data for table `tb_usuario_transacao`
--

LOCK TABLES `tb_usuario_transacao` WRITE;
/*!40000 ALTER TABLE `tb_usuario_transacao` DISABLE KEYS */;
/*!40000 ALTER TABLE `tb_usuario_transacao` ENABLE KEYS */;
UNLOCK TABLES;

--
-- Table structure for table `tb_usuario_work_skill`
--

DROP TABLE IF EXISTS `tb_usuario_work_skill`;
/*!40101 SET @saved_cs_client     = @@character_set_client */;
/*!40101 SET character_set_client = utf8 */;
CREATE TABLE `tb_usuario_work_skill` (
  `cd_usuario_work_skill` int(11) NOT NULL AUTO_INCREMENT,
  `cd_usuario` int(11) NOT NULL,
  `cd_work_skill` int(11) NOT NULL,
  `dt_cadastro` timestamp NOT NULL DEFAULT CURRENT_TIMESTAMP ON UPDATE CURRENT_TIMESTAMP,
  PRIMARY KEY (`cd_usuario_work_skill`),
  KEY `UsuarioWS->WorkSkill_idx` (`cd_work_skill`),
  KEY `UsuarioWS->Usuario_idx` (`cd_usuario`),
  CONSTRAINT `UsuarioWS->Usuario` FOREIGN KEY (`cd_usuario`) REFERENCES `tb_usuario` (`cd_usuario`) ON DELETE NO ACTION ON UPDATE NO ACTION,
  CONSTRAINT `UsuarioWS->WorkSkill` FOREIGN KEY (`cd_work_skill`) REFERENCES `tb_work_skill` (`cd_work_skill`) ON DELETE NO ACTION ON UPDATE NO ACTION
) ENGINE=InnoDB DEFAULT CHARSET=utf8;
/*!40101 SET character_set_client = @saved_cs_client */;

--
-- Dumping data for table `tb_usuario_work_skill`
--

LOCK TABLES `tb_usuario_work_skill` WRITE;
/*!40000 ALTER TABLE `tb_usuario_work_skill` DISABLE KEYS */;
/*!40000 ALTER TABLE `tb_usuario_work_skill` ENABLE KEYS */;
UNLOCK TABLES;

--
-- Table structure for table `tb_work_skill`
--

DROP TABLE IF EXISTS `tb_work_skill`;
/*!40101 SET @saved_cs_client     = @@character_set_client */;
/*!40101 SET character_set_client = utf8 */;
CREATE TABLE `tb_work_skill` (
  `cd_work_skill` int(11) NOT NULL AUTO_INCREMENT,
  `no_work_skill` varchar(100) NOT NULL,
  `no_work_skill_slug` varchar(100) NOT NULL,
  `cd_statuts` int(11) NOT NULL,
  `dt_cadastro` datetime NOT NULL DEFAULT CURRENT_TIMESTAMP,
  `dt_atualizacao` timestamp NOT NULL DEFAULT CURRENT_TIMESTAMP ON UPDATE CURRENT_TIMESTAMP,
  PRIMARY KEY (`cd_work_skill`),
  KEY `WorkSkill->Status_idx` (`cd_statuts`),
  CONSTRAINT `WorkSkill->Status` FOREIGN KEY (`cd_statuts`) REFERENCES `tb_status` (`cd_status`) ON DELETE NO ACTION ON UPDATE NO ACTION
) ENGINE=InnoDB DEFAULT CHARSET=utf8;
/*!40101 SET character_set_client = @saved_cs_client */;

--
-- Dumping data for table `tb_work_skill`
--

LOCK TABLES `tb_work_skill` WRITE;
/*!40000 ALTER TABLE `tb_work_skill` DISABLE KEYS */;
/*!40000 ALTER TABLE `tb_work_skill` ENABLE KEYS */;
UNLOCK TABLES;
/*!40103 SET TIME_ZONE=@OLD_TIME_ZONE */;

/*!40101 SET SQL_MODE=@OLD_SQL_MODE */;
/*!40014 SET FOREIGN_KEY_CHECKS=@OLD_FOREIGN_KEY_CHECKS */;
/*!40014 SET UNIQUE_CHECKS=@OLD_UNIQUE_CHECKS */;
/*!40101 SET CHARACTER_SET_CLIENT=@OLD_CHARACTER_SET_CLIENT */;
/*!40101 SET CHARACTER_SET_RESULTS=@OLD_CHARACTER_SET_RESULTS */;
/*!40101 SET COLLATION_CONNECTION=@OLD_COLLATION_CONNECTION */;
/*!40111 SET SQL_NOTES=@OLD_SQL_NOTES */;

-- Dump completed on 2019-04-01 10:53:03
